98,5828,start
129,5828,start
34,5828,start
66,5828,start
1,5828,start
96,5828,start
136,5828,start
33,5828,start
65,5828,start
97,5828,start
145,5828,start
32,5828,start
72,5828,start
2,5828,start
99,5828,start
130,5828,start
35,5828,start
82,5828,start
3,5828,start
105,5828,start
138,5828,start
45,5828,start
67,5828,start
7,5828,start
106,5828,start
144,5828,start
39,5828,start
74,5828,start
9,5828,start
103,5828,start
131,5828,start
40,5828,start
64,5828,start
6,5828,start
104,5828,start
137,5828,start
38,5828,start
71,5828,start
16,5828,start
114,5828,start
134,5828,start
49,5828,start
73,5828,start
11,5828,start
112,5828,start
128,5828,start
37,5828,start
81,5828,start
8,5828,start
107,5828,start
153,5828,start
42,5828,start
76,5828,start
10,5828,start
113,5828,start
146,5828,start
44,5828,start
70,5828,start
17,5828,start
121,5828,start
135,5828,start
43,5828,start
75,5828,start
18,5828,start
122,5828,start
132,5828,start
48,5828,start
68,5828,start
12,5828,start
101,5828,start
147,5828,start
51,5828,start
90,5828,start
5,5828,start
115,5828,start
133,5828,start
57,5828,start
69,5828,start
19,5828,start
108,5828,start
142,5828,start
46,5828,start
83,5828,start
25,5828,start
100,5828,start
141,5828,start
60,5828,start
80,5828,start
28,5828,start
102,5828,start
154,5828,start
41,5828,start
77,5828,start
4,5828,start
109,5828,start
139,5828,start
47,5828,start
78,5828,start
14,5828,start
110,5828,start
157,5828,start
36,5828,start
89,5828,start
13,5828,start
111,5828,start
140,5828,start
50,5828,start
94,5828,start
20,5828,start
124,5828,start
150,5828,start
61,5828,start
79,5828,start
22,5828,start
126,5828,start
152,5828,start
52,5828,start
93,5828,start
26,5828,start
120,5828,start
143,5828,start
58,5828,start
91,5828,start
15,5828,start
123,5828,start
149,5828,start
54,5828,start
92,5828,start
30,5828,start
117,5828,start
158,5828,start
59,5828,start
86,5828,start
29,5828,start
118,5828,start
156,5828,start
56,5828,start
95,5828,start
27,5828,start
125,5828,start
155,5828,start
62,5828,start
88,5828,start
21,5828,start
127,5828,start
148,5828,start
53,5828,start
84,5828,start
31,5828,start
116,5828,start
159,5828,start
63,5828,start
87,5828,start
24,5828,start
119,5828,start
151,5828,start
55,5828,start
85,5828,start
23,5828,start
3,5829,end
6,5829,end
1,5829,end
2,5829,end
8,5829,end
9,5829,end
7,5829,end
4,5829,end
10,5829,end
5,5829,end
22,5829,end
21,5829,end
11,5829,end
16,5829,end
14,5829,end
13,5829,end
15,5829,end
12,5829,end
18,5829,end
17,5829,end
19,5829,end
20,5829,end
26,5829,end
29,5829,end
23,5829,end
28,5829,end
30,5829,end
25,5829,end
27,5829,end
24,5829,end
31,5829,end
163,5829,start
162,5829,start
160,5829,start
167,5829,start
166,5829,start
164,5829,start
161,5829,start
168,5829,start
169,5829,start
171,5829,start
170,5829,start
165,5829,start
172,5829,start
181,5829,start
183,5829,start
186,5829,start
173,5829,start
176,5829,start
180,5829,start
177,5829,start
174,5829,start
184,5829,start
178,5829,start
175,5829,start
182,5829,start
179,5829,start
185,5829,start
191,5829,start
190,5829,start
189,5829,start
187,5829,start
188,5829,start
32,5830,end
33,5830,end
36,5830,end
42,5830,end
40,5830,end
34,5830,end
39,5830,end
41,5830,end
38,5830,end
37,5830,end
47,5830,end
48,5830,end
46,5830,end
45,5830,end
43,5830,end
44,5830,end
35,5830,end
49,5830,end
54,5830,end
56,5830,end
51,5830,end
53,5830,end
50,5830,end
52,5830,end
55,5830,end
57,5830,end
62,5830,end
60,5830,end
59,5830,end
61,5830,end
58,5830,end
63,5830,end
197,5830,start
194,5830,start
192,5830,start
201,5830,start
206,5830,start
199,5830,start
205,5830,start
207,5830,start
204,5830,start
208,5830,start
211,5830,start
209,5830,start
65,5830,end
198,5830,start
66,5830,end
196,5830,start
193,5830,start
195,5830,start
210,5830,start
64,5830,end
212,5830,start
71,5830,end
78,5830,end
220,5830,start
76,5830,end
213,5830,start
70,5830,end
77,5830,end
202,5830,start
67,5830,end
68,5830,end
223,5830,start
83,5830,end
222,5830,start
69,5830,end
200,5830,start
82,5830,end
217,5830,start
72,5830,end
215,5830,start
79,5830,end
221,5830,start
73,5830,end
203,5830,start
74,5830,end
218,5830,start
80,5830,end
216,5830,start
75,5830,end
214,5830,start
81,5830,end
219,5830,start
86,5830,end
92,5830,end
87,5830,end
85,5830,end
90,5830,end
84,5830,end
91,5830,end
93,5830,end
94,5830,end
88,5830,end
95,5830,end
89,5830,end
225,5830,start
227,5830,start
226,5830,start
235,5830,start
234,5830,start
229,5830,start
231,5830,start
230,5830,start
224,5830,start
233,5830,start
232,5830,start
243,5830,start
228,5830,start
239,5830,start
237,5830,start
238,5830,start
241,5830,start
236,5830,start
251,5830,start
248,5830,start
246,5830,start
240,5830,start
245,5830,start
247,5830,start
242,5830,start
249,5830,start
254,5830,start
255,5830,start
250,5830,start
252,5830,start
253,5830,start
244,5830,start
96,5830,end
98,5830,end
101,5830,end
102,5830,end
97,5830,end
99,5830,end
100,5830,end
110,5830,end
109,5830,end
103,5830,end
108,5830,end
106,5830,end
117,5830,end
104,5830,end
111,5830,end
105,5830,end
118,5830,end
112,5830,end
107,5830,end
113,5830,end
114,5830,end
120,5830,end
115,5830,end
116,5830,end
119,5830,end
124,5830,end
122,5830,end
121,5830,end
123,5830,end
126,5830,end
127,5830,end
125,5830,end
259,5830,start
258,5830,start
256,5830,start
263,5830,start
262,5830,start
260,5830,start
257,5830,start
264,5830,start
265,5830,start
267,5830,start
266,5830,start
261,5830,start
268,5830,start
277,5830,start
279,5830,start
282,5830,start
269,5830,start
272,5830,start
276,5830,start
273,5830,start
270,5830,start
280,5830,start
274,5830,start
271,5830,start
278,5830,start
275,5830,start
281,5830,start
287,5830,start
286,5830,start
285,5830,start
283,5830,start
284,5830,start
129,5830,end
128,5830,end
131,5830,end
137,5830,end
130,5830,end
136,5830,end
135,5830,end
141,5830,end
142,5830,end
140,5830,end
143,5830,end
133,5830,end
138,5830,end
132,5830,end
147,5830,end
149,5830,end
134,5830,end
144,5830,end
151,5830,end
145,5830,end
150,5830,end
148,5830,end
139,5830,end
157,5830,end
154,5830,end
156,5830,end
155,5830,end
153,5830,end
146,5830,end
152,5830,end
159,5830,end
158,5830,end
291,5830,start
288,5830,start
298,5830,start
295,5830,start
290,5830,start
289,5830,start
292,5830,start
293,5830,start
297,5830,start
296,5830,start
294,5830,start
303,5830,start
302,5830,start
315,5830,start
301,5830,start
314,5830,start
300,5830,start
305,5830,start
299,5830,start
309,5830,start
304,5830,start
306,5830,start
313,5830,start
310,5830,start
307,5830,start
308,5830,start
311,5830,start
318,5830,start
312,5830,start
317,5830,start
316,5830,start
319,5830,start
197,5831,end
195,5831,end
202,5831,end
194,5831,end
199,5831,end
161,5831,end
193,5831,end
160,5831,end
192,5831,end
162,5831,end
201,5831,end
168,5831,end
207,5831,end
167,5831,end
198,5831,end
163,5831,end
200,5831,end
170,5831,end
205,5831,end
176,5831,end
211,5831,end
169,5831,end
210,5831,end
175,5831,end
196,5831,end
166,5831,end
209,5831,end
164,5831,end
203,5831,end
165,5831,end
206,5831,end
179,5831,end
204,5831,end
174,5831,end
213,5831,end
172,5831,end
215,5831,end
173,5831,end
214,5831,end
171,5831,end
219,5831,end
178,5831,end
217,5831,end
183,5831,end
208,5831,end
181,5831,end
216,5831,end
177,5831,end
221,5831,end
187,5831,end
223,5831,end
186,5831,end
218,5831,end
184,5831,end
212,5831,end
185,5831,end
220,5831,end
191,5831,end
222,5831,end
189,5831,end
190,5831,end
182,5831,end
180,5831,end
188,5831,end
320,5831,start
324,5831,start
321,5831,start
356,5831,start
352,5831,start
328,5831,start
353,5831,start
329,5831,start
360,5831,start
323,5831,start
357,5831,start
325,5831,start
361,5831,start
322,5831,start
355,5831,start
326,5831,start
358,5831,start
354,5831,start
331,5831,start
333,5831,start
327,5831,start
332,5831,start
330,5831,start
337,5831,start
363,5831,start
334,5831,start
362,5831,start
336,5831,start
359,5831,start
346,5831,start
364,5831,start
347,5831,start
366,5831,start
341,5831,start
376,5831,start
345,5831,start
378,5831,start
335,5831,start
377,5831,start
344,5831,start
379,5831,start
338,5831,start
369,5831,start
339,5831,start
370,5831,start
343,5831,start
368,5831,start
340,5831,start
367,5831,start
350,5831,start
365,5831,start
349,5831,start
372,5831,start
348,5831,start
371,5831,start
342,5831,start
373,5831,start
382,5831,start
380,5831,start
375,5831,start
381,5831,start
374,5831,start
383,5831,start
351,5831,start
224,5831,end
227,5831,end
229,5831,end
231,5831,end
226,5831,end
236,5831,end
239,5831,end
233,5831,end
228,5831,end
242,5831,end
247,5831,end
225,5831,end
235,5831,end
230,5831,end
244,5831,end
253,5831,end
243,5831,end
238,5831,end
232,5831,end
237,5831,end
251,5831,end
234,5831,end
248,5831,end
249,5831,end
255,5831,end
254,5831,end
240,5831,end
241,5831,end
252,5831,end
246,5831,end
245,5831,end
250,5831,end
386,5831,start
387,5831,start
390,5831,start
385,5831,start
391,5831,start
389,5831,start
395,5831,start
384,5831,start
394,5831,start
397,5831,start
388,5831,start
393,5831,start
392,5831,start
396,5831,start
399,5831,start
398,5831,start
401,5831,start
403,5831,start
402,5831,start
405,5831,start
407,5831,start
400,5831,start
406,5831,start
408,5831,start
411,5831,start
410,5831,start
409,5831,start
414,5831,start
412,5831,start
415,5831,start
404,5831,start
413,5831,start
299,5831,end
290,5831,end
291,5831,end
289,5831,end
295,5831,end
293,5831,end
294,5831,end
300,5831,end
297,5831,end
303,5831,end
306,5831,end
308,5831,end
301,5831,end
307,5831,end
298,5831,end
288,5831,end
309,5831,end
311,5831,end
302,5831,end
292,5831,end
313,5831,end
296,5831,end
305,5831,end
319,5831,end
314,5831,end
312,5831,end
317,5831,end
304,5831,end
310,5831,end
315,5831,end
318,5831,end
316,5831,end
418,5831,start
419,5831,start
416,5831,start
417,5831,start
423,5831,start
420,5831,start
422,5831,start
426,5831,start
421,5831,start
424,5831,start
427,5831,start
425,5831,start
428,5831,start
440,5831,start
430,5831,start
441,5831,start
431,5831,start
429,5831,start
435,5831,start
434,5831,start
433,5831,start
432,5831,start
439,5831,start
444,5831,start
438,5831,start
437,5831,start
447,5831,start
436,5831,start
442,5831,start
443,5831,start
446,5831,start
445,5831,start
257,5831,end
259,5831,end
261,5831,end
263,5831,end
270,5831,end
260,5831,end
265,5831,end
275,5831,end
258,5831,end
271,5831,end
266,5831,end
256,5831,end
269,5831,end
268,5831,end
277,5831,end
267,5831,end
262,5831,end
272,5831,end
274,5831,end
283,5831,end
273,5831,end
264,5831,end
278,5831,end
279,5831,end
281,5831,end
280,5831,end
276,5831,end
282,5831,end
285,5831,end
287,5831,end
284,5831,end
286,5831,end
452,5831,start
448,5831,start
449,5831,start
456,5831,start
453,5831,start
451,5831,start
457,5831,start
455,5831,start
450,5831,start
463,5831,start
454,5831,start
459,5831,start
460,5831,start
458,5831,start
462,5831,start
461,5831,start
464,5831,start
467,5831,start
472,5831,start
466,5831,start
465,5831,start
471,5831,start
468,5831,start
474,5831,start
473,5831,start
476,5831,start
475,5831,start
469,5831,start
477,5831,start
478,5831,start
479,5831,start
470,5831,start
322,5832,end
320,5832,end
321,5832,end
323,5832,end
337,5832,end
326,5832,end
328,5832,end
327,5832,end
333,5832,end
330,5832,end
332,5832,end
331,5832,end
325,5832,end
335,5832,end
324,5832,end
342,5832,end
329,5832,end
334,5832,end
344,5832,end
343,5832,end
340,5832,end
338,5832,end
345,5832,end
339,5832,end
336,5832,end
347,5832,end
348,5832,end
346,5832,end
341,5832,end
350,5832,end
349,5832,end
351,5832,end
483,5832,start
480,5832,start
482,5832,start
487,5832,start
481,5832,start
491,5832,start
486,5832,start
488,5832,start
485,5832,start
490,5832,start
484,5832,start
489,5832,start
501,5832,start
506,5832,start
494,5832,start
492,5832,start
503,5832,start
493,5832,start
496,5832,start
497,5832,start
500,5832,start
495,5832,start
511,5832,start
498,5832,start
499,5832,start
502,5832,start
504,5832,start
509,5832,start
507,5832,start
505,5832,start
510,5832,start
508,5832,start
357,5832,end
354,5832,end
360,5832,end
366,5832,end
359,5832,end
352,5832,end
355,5832,end
353,5832,end
367,5832,end
365,5832,end
358,5832,end
356,5832,end
371,5832,end
370,5832,end
364,5832,end
363,5832,end
361,5832,end
362,5832,end
369,5832,end
374,5832,end
368,5832,end
375,5832,end
373,5832,end
382,5832,end
372,5832,end
379,5832,end
376,5832,end
378,5832,end
380,5832,end
377,5832,end
383,5832,end
381,5832,end
513,5832,start
512,5832,start
517,5832,start
515,5832,start
521,5832,start
514,5832,start
516,5832,start
519,5832,start
520,5832,start
518,5832,start
532,5832,start
523,5832,start
522,5832,start
524,5832,start
526,5832,start
527,5832,start
525,5832,start
528,5832,start
529,5832,start
535,5832,start
530,5832,start
540,5832,start
537,5832,start
531,5832,start
534,5832,start
543,5832,start
533,5832,start
536,5832,start
538,5832,start
541,5832,start
539,5832,start
542,5832,start
391,5832,end
384,5832,end
386,5832,end
385,5832,end
398,5832,end
393,5832,end
387,5832,end
396,5832,end
402,5832,end
397,5832,end
395,5832,end
388,5832,end
394,5832,end
401,5832,end
390,5832,end
392,5832,end
403,5832,end
389,5832,end
406,5832,end
400,5832,end
399,5832,end
405,5832,end
410,5832,end
408,5832,end
407,5832,end
409,5832,end
414,5832,end
404,5832,end
412,5832,end
411,5832,end
413,5832,end
415,5832,end
545,5832,start
547,5832,start
544,5832,start
546,5832,start
551,5832,start
549,5832,start
548,5832,start
554,5832,start
555,5832,start
550,5832,start
552,5832,start
553,5832,start
567,5832,start
556,5832,start
558,5832,start
560,5832,start
566,5832,start
561,5832,start
564,5832,start
557,5832,start
563,5832,start
565,5832,start
559,5832,start
562,5832,start
568,5832,start
574,5832,start
575,5832,start
569,5832,start
570,5832,start
571,5832,start
572,5832,start
573,5832,start
451,5832,end
450,5832,end
448,5832,end
449,5832,end
455,5832,end
453,5832,end
458,5832,end
460,5832,end
454,5832,end
457,5832,end
459,5832,end
456,5832,end
466,5832,end
461,5832,end
463,5832,end
452,5832,end
467,5832,end
469,5832,end
462,5832,end
468,5832,end
471,5832,end
465,5832,end
474,5832,end
472,5832,end
470,5832,end
473,5832,end
475,5832,end
464,5832,end
478,5832,end
476,5832,end
479,5832,end
477,5832,end
579,5832,start
578,5832,start
576,5832,start
583,5832,start
582,5832,start
580,5832,start
577,5832,start
584,5832,start
585,5832,start
587,5832,start
586,5832,start
581,5832,start
588,5832,start
597,5832,start
599,5832,start
602,5832,start
589,5832,start
592,5832,start
596,5832,start
593,5832,start
590,5832,start
600,5832,start
594,5832,start
591,5832,start
598,5832,start
595,5832,start
601,5832,start
607,5832,start
606,5832,start
605,5832,start
603,5832,start
604,5832,start
418,5832,end
417,5832,end
416,5832,end
426,5832,end
421,5832,end
419,5832,end
422,5832,end
420,5832,end
423,5832,end
425,5832,end
430,5832,end
424,5832,end
431,5832,end
429,5832,end
434,5832,end
436,5832,end
427,5832,end
433,5832,end
438,5832,end
428,5832,end
439,5832,end
441,5832,end
446,5832,end
444,5832,end
443,5832,end
437,5832,end
435,5832,end
432,5832,end
442,5832,end
445,5832,end
447,5832,end
440,5832,end
615,5832,start
623,5832,start
610,5832,start
608,5832,start
609,5832,start
611,5832,start
614,5832,start
612,5832,start
613,5832,start
616,5832,start
618,5832,start
627,5832,start
617,5832,start
628,5832,start
629,5832,start
622,5832,start
620,5832,start
621,5832,start
634,5832,start
625,5832,start
619,5832,start
631,5832,start
633,5832,start
624,5832,start
626,5832,start
632,5832,start
630,5832,start
635,5832,start
638,5832,start
639,5832,start
637,5832,start
636,5832,start
482,5833,end
481,5833,end
480,5833,end
483,5833,end
493,5833,end
488,5833,end
498,5833,end
487,5833,end
486,5833,end
484,5833,end
485,5833,end
495,5833,end
490,5833,end
492,5833,end
489,5833,end
499,5833,end
494,5833,end
496,5833,end
497,5833,end
491,5833,end
510,5833,end
500,5833,end
509,5833,end
503,5833,end
506,5833,end
507,5833,end
505,5833,end
502,5833,end
504,5833,end
501,5833,end
511,5833,end
508,5833,end
644,5833,start
640,5833,start
641,5833,start
648,5833,start
645,5833,start
643,5833,start
649,5833,start
647,5833,start
642,5833,start
655,5833,start
646,5833,start
651,5833,start
652,5833,start
650,5833,start
654,5833,start
653,5833,start
656,5833,start
659,5833,start
664,5833,start
658,5833,start
657,5833,start
663,5833,start
660,5833,start
666,5833,start
665,5833,start
668,5833,start
667,5833,start
661,5833,start
669,5833,start
670,5833,start
671,5833,start
662,5833,start
513,5833,end
512,5833,end
521,5833,end
515,5833,end
518,5833,end
524,5833,end
517,5833,end
519,5833,end
522,5833,end
516,5833,end
533,5833,end
527,5833,end
514,5833,end
520,5833,end
541,5833,end
531,5833,end
534,5833,end
532,5833,end
525,5833,end
535,5833,end
526,5833,end
528,5833,end
538,5833,end
523,5833,end
529,5833,end
536,5833,end
530,5833,end
543,5833,end
537,5833,end
540,5833,end
539,5833,end
542,5833,end
672,5833,start
676,5833,start
673,5833,start
680,5833,start
681,5833,start
675,5833,start
677,5833,start
674,5833,start
678,5833,start
683,5833,start
685,5833,start
679,5833,start
684,5833,start
682,5833,start
689,5833,start
686,5833,start
688,5833,start
698,5833,start
699,5833,start
693,5833,start
697,5833,start
687,5833,start
696,5833,start
690,5833,start
691,5833,start
695,5833,start
692,5833,start
702,5833,start
701,5833,start
700,5833,start
694,5833,start
703,5833,start
545,5833,end
547,5833,end
549,5833,end
544,5833,end
557,5833,end
558,5833,end
551,5833,end
556,5833,end
550,5833,end
555,5833,end
561,5833,end
560,5833,end
554,5833,end
563,5833,end
565,5833,end
548,5833,end
562,5833,end
552,5833,end
553,5833,end
559,5833,end
546,5833,end
564,5833,end
573,5833,end
575,5833,end
574,5833,end
567,5833,end
569,5833,end
568,5833,end
566,5833,end
571,5833,end
570,5833,end
572,5833,end
708,5833,start
704,5833,start
705,5833,start
712,5833,start
709,5833,start
707,5833,start
713,5833,start
711,5833,start
706,5833,start
719,5833,start
710,5833,start
715,5833,start
716,5833,start
714,5833,start
718,5833,start
717,5833,start
720,5833,start
723,5833,start
728,5833,start
722,5833,start
721,5833,start
727,5833,start
724,5833,start
730,5833,start
729,5833,start
732,5833,start
731,5833,start
725,5833,start
733,5833,start
734,5833,start
735,5833,start
726,5833,start
579,5833,end
578,5833,end
577,5833,end
583,5833,end
582,5833,end
576,5833,end
589,5833,end
587,5833,end
586,5833,end
584,5833,end
581,5833,end
591,5833,end
590,5833,end
580,5833,end
585,5833,end
607,5833,end
594,5833,end
588,5833,end
593,5833,end
599,5833,end
598,5833,end
592,5833,end
597,5833,end
595,5833,end
606,5833,end
600,5833,end
601,5833,end
603,5833,end
602,5833,end
604,5833,end
605,5833,end
596,5833,end
738,5833,start
739,5833,start
736,5833,start
737,5833,start
743,5833,start
740,5833,start
742,5833,start
746,5833,start
741,5833,start
744,5833,start
747,5833,start
745,5833,start
748,5833,start
760,5833,start
750,5833,start
761,5833,start
751,5833,start
749,5833,start
755,5833,start
754,5833,start
753,5833,start
752,5833,start
759,5833,start
764,5833,start
758,5833,start
757,5833,start
767,5833,start
756,5833,start
762,5833,start
763,5833,start
766,5833,start
765,5833,start
609,5834,end
611,5834,end
614,5834,end
608,5834,end
617,5834,end
627,5834,end
610,5834,end
612,5834,end
613,5834,end
615,5834,end
622,5834,end
616,5834,end
621,5834,end
623,5834,end
618,5834,end
620,5834,end
625,5834,end
619,5834,end
630,5834,end
624,5834,end
633,5834,end
635,5834,end
626,5834,end
631,5834,end
629,5834,end
628,5834,end
637,5834,end
639,5834,end
638,5834,end
632,5834,end
634,5834,end
636,5834,end
770,5834,start
774,5834,start
778,5834,start
769,5834,start
771,5834,start
775,5834,start
773,5834,start
768,5834,start
777,5834,start
772,5834,start
776,5834,start
779,5834,start
780,5834,start
783,5834,start
782,5834,start
781,5834,start
789,5834,start
786,5834,start
784,5834,start
794,5834,start
792,5834,start
791,5834,start
799,5834,start
790,5834,start
785,5834,start
787,5834,start
793,5834,start
798,5834,start
797,5834,start
796,5834,start
788,5834,start
795,5834,start
642,5835,end
640,5835,end
643,5835,end
648,5835,end
647,5835,end
641,5835,end
650,5835,end
644,5835,end
651,5835,end
655,5835,end
656,5835,end
646,5835,end
645,5835,end
654,5835,end
660,5835,end
659,5835,end
653,5835,end
658,5835,end
652,5835,end
663,5835,end
649,5835,end
670,5835,end
664,5835,end
667,5835,end
657,5835,end
662,5835,end
661,5835,end
666,5835,end
665,5835,end
669,5835,end
671,5835,end
668,5835,end
803,5835,start
800,5835,start
802,5835,start
807,5835,start
801,5835,start
811,5835,start
806,5835,start
808,5835,start
805,5835,start
810,5835,start
804,5835,start
809,5835,start
821,5835,start
826,5835,start
814,5835,start
812,5835,start
823,5835,start
813,5835,start
816,5835,start
817,5835,start
820,5835,start
815,5835,start
831,5835,start
818,5835,start
819,5835,start
822,5835,start
824,5835,start
829,5835,start
827,5835,start
825,5835,start
830,5835,start
828,5835,start
674,5835,end
675,5835,end
678,5835,end
676,5835,end
673,5835,end
683,5835,end
684,5835,end
686,5835,end
677,5835,end
687,5835,end
672,5835,end
682,5835,end
681,5835,end
679,5835,end
692,5835,end
691,5835,end
685,5835,end
690,5835,end
688,5835,end
699,5835,end
680,5835,end
698,5835,end
689,5835,end
695,5835,end
700,5835,end
702,5835,end
693,5835,end
703,5835,end
696,5835,end
697,5835,end
694,5835,end
701,5835,end
835,5835,start
833,5835,start
832,5835,start
834,5835,start
839,5835,start
837,5835,start
843,5835,start
838,5835,start
840,5835,start
841,5835,start
842,5835,start
836,5835,start
853,5835,start
844,5835,start
846,5835,start
855,5835,start
850,5835,start
848,5835,start
845,5835,start
847,5835,start
854,5835,start
852,5835,start
849,5835,start
863,5835,start
857,5835,start
856,5835,start
858,5835,start
851,5835,start
859,5835,start
861,5835,start
860,5835,start
862,5835,start
740,5835,end
738,5835,end
746,5835,end
737,5835,end
743,5835,end
748,5835,end
744,5835,end
742,5835,end
747,5835,end
741,5835,end
754,5835,end
736,5835,end
739,5835,end
745,5835,end
759,5835,end
752,5835,end
750,5835,end
749,5835,end
758,5835,end
756,5835,end
751,5835,end
760,5835,end
766,5835,end
753,5835,end
763,5835,end
761,5835,end
762,5835,end
764,5835,end
755,5835,end
757,5835,end
767,5835,end
765,5835,end
867,5835,start
864,5835,start
874,5835,start
871,5835,start
866,5835,start
865,5835,start
868,5835,start
869,5835,start
873,5835,start
872,5835,start
870,5835,start
879,5835,start
878,5835,start
891,5835,start
877,5835,start
890,5835,start
876,5835,start
881,5835,start
875,5835,start
885,5835,start
880,5835,start
882,5835,start
889,5835,start
886,5835,start
883,5835,start
884,5835,start
887,5835,start
894,5835,start
888,5835,start
893,5835,start
892,5835,start
895,5835,start
707,5835,end
706,5835,end
708,5835,end
715,5835,end
712,5835,end
713,5835,end
714,5835,end
704,5835,end
711,5835,end
705,5835,end
710,5835,end
717,5835,end
719,5835,end
716,5835,end
718,5835,end
724,5835,end
726,5835,end
709,5835,end
723,5835,end
720,5835,end
722,5835,end
721,5835,end
727,5835,end
728,5835,end
730,5835,end
729,5835,end
731,5835,end
732,5835,end
725,5835,end
735,5835,end
733,5835,end
734,5835,end
897,5835,start
899,5835,start
896,5835,start
898,5835,start
903,5835,start
901,5835,start
900,5835,start
906,5835,start
907,5835,start
902,5835,start
904,5835,start
905,5835,start
919,5835,start
908,5835,start
910,5835,start
912,5835,start
918,5835,start
913,5835,start
916,5835,start
909,5835,start
915,5835,start
917,5835,start
911,5835,start
914,5835,start
920,5835,start
926,5835,start
927,5835,start
921,5835,start
922,5835,start
923,5835,start
924,5835,start
925,5835,start
768,5835,end
786,5835,end
775,5835,end
772,5835,end
774,5835,end
773,5835,end
771,5835,end
776,5835,end
778,5835,end
777,5835,end
782,5835,end
769,5835,end
770,5835,end
788,5835,end
783,5835,end
781,5835,end
787,5835,end
780,5835,end
794,5835,end
785,5835,end
779,5835,end
784,5835,end
790,5835,end
789,5835,end
795,5835,end
792,5835,end
791,5835,end
793,5835,end
799,5835,end
796,5835,end
798,5835,end
797,5835,end
929,5835,start
933,5835,start
928,5835,start
930,5835,start
931,5835,start
937,5835,start
935,5835,start
934,5835,start
949,5835,start
932,5835,start
936,5835,start
943,5835,start
938,5835,start
942,5835,start
955,5835,start
940,5835,start
941,5835,start
939,5835,start
950,5835,start
944,5835,start
953,5835,start
946,5835,start
945,5835,start
948,5835,start
954,5835,start
947,5835,start
957,5835,start
952,5835,start
951,5835,start
959,5835,start
956,5835,start
958,5835,start
800,5836,end
803,5836,end
801,5836,end
807,5836,end
809,5836,end
804,5836,end
818,5836,end
811,5836,end
808,5836,end
805,5836,end
812,5836,end
802,5836,end
815,5836,end
813,5836,end
816,5836,end
806,5836,end
819,5836,end
825,5836,end
820,5836,end
810,5836,end
831,5836,end
817,5836,end
823,5836,end
814,5836,end
824,5836,end
821,5836,end
830,5836,end
827,5836,end
829,5836,end
828,5836,end
822,5836,end
826,5836,end
835,5836,end
843,5836,end
839,5836,end
833,5836,end
834,5836,end
847,5836,end
841,5836,end
844,5836,end
855,5836,end
838,5836,end
840,5836,end
837,5836,end
851,5836,end
842,5836,end
832,5836,end
853,5836,end
859,5836,end
850,5836,end
856,5836,end
845,5836,end
836,5836,end
849,5836,end
852,5836,end
846,5836,end
858,5836,end
860,5836,end
857,5836,end
863,5836,end
854,5836,end
848,5836,end
861,5836,end
862,5836,end
866,5836,end
867,5836,end
864,5836,end
865,5836,end
880,5836,end
877,5836,end
875,5836,end
878,5836,end
868,5836,end
889,5836,end
879,5836,end
886,5836,end
871,5836,end
873,5836,end
872,5836,end
870,5836,end
876,5836,end
869,5836,end
883,5836,end
874,5836,end
891,5836,end
885,5836,end
888,5836,end
882,5836,end
887,5836,end
881,5836,end
884,5836,end
890,5836,end
895,5836,end
893,5836,end
892,5836,end
894,5836,end
897,5836,end
898,5836,end
899,5836,end
896,5836,end
905,5836,end
912,5836,end
902,5836,end
903,5836,end
909,5836,end
906,5836,end
911,5836,end
913,5836,end
900,5836,end
910,5836,end
907,5836,end
901,5836,end
904,5836,end
914,5836,end
923,5836,end
925,5836,end
908,5836,end
918,5836,end
920,5836,end
917,5836,end
915,5836,end
926,5836,end
924,5836,end
921,5836,end
927,5836,end
922,5836,end
919,5836,end
916,5836,end
931,5836,end
928,5836,end
929,5836,end
930,5836,end
935,5836,end
945,5836,end
932,5836,end
933,5836,end
943,5836,end
938,5836,end
936,5836,end
942,5836,end
940,5836,end
937,5836,end
939,5836,end
934,5836,end
944,5836,end
941,5836,end
951,5836,end
946,5836,end
947,5836,end
957,5836,end
948,5836,end
954,5836,end
955,5836,end
958,5836,end
952,5836,end
949,5836,end
956,5836,end
953,5836,end
950,5836,end
959,5836,end
1090,5836,start
1064,5836,start
1032,5836,start
1025,5836,start
971,5836,start
1058,5836,start
993,5836,start
1099,5836,start
1059,5836,start
992,5836,start
1088,5836,start
1027,5836,start
1068,5836,start
962,5836,start
1001,5836,start
1098,5836,start
1033,5836,start
1057,5836,start
960,5836,start
1005,5836,start
1089,5836,start
1026,5836,start
1056,5836,start
974,5836,start
994,5836,start
1102,5836,start
1041,5836,start
1061,5836,start
979,5836,start
995,5836,start
1107,5836,start
1036,5836,start
1067,5836,start
972,5836,start
1000,5836,start
1097,5836,start
1024,5836,start
1065,5836,start
961,5836,start
1002,5836,start
1106,5836,start
1035,5836,start
1071,5836,start
987,5836,start
997,5836,start
1092,5836,start
1040,5836,start
1070,5836,start
964,5836,start
999,5836,start
1101,5836,start
1039,5836,start
1074,5836,start
986,5836,start
1010,5836,start
1100,5836,start
1037,5836,start
1060,5836,start
965,5836,start
1004,5836,start
1096,5836,start
1038,5836,start
1063,5836,start
976,5836,start
998,5836,start
1103,5836,start
1051,5836,start
1069,5836,start
966,5836,start
1009,5836,start
1093,5836,start
1050,5836,start
1082,5836,start
969,5836,start
1003,5836,start
1114,5836,start
1046,5836,start
1072,5836,start
970,5836,start
1008,5836,start
1104,5836,start
1028,5836,start
1075,5836,start
968,5836,start
1013,5836,start
1091,5836,start
1029,5836,start
1073,5836,start
963,5836,start
1006,5836,start
1105,5836,start
1031,5836,start
1086,5836,start
967,5836,start
1017,5836,start
1094,5836,start
1043,5836,start
1077,5836,start
973,5836,start
1011,5836,start
1109,5836,start
1048,5836,start
1083,5836,start
978,5836,start
996,5836,start
1110,5836,start
1049,5836,start
1062,5836,start
988,5836,start
1018,5836,start
1113,5836,start
1030,5836,start
1080,5836,start
977,5836,start
1019,5836,start
1115,5836,start
1047,5836,start
1079,5836,start
990,5836,start
1012,5836,start
1118,5836,start
1052,5836,start
1084,5836,start
991,5836,start
1007,5836,start
1108,5836,start
1042,5836,start
1066,5836,start
980,5836,start
1021,5836,start
1095,5836,start
1053,5836,start
1081,5836,start
984,5836,start
1014,5836,start
1112,5836,start
1034,5836,start
1087,5836,start
982,5836,start
1016,5836,start
1119,5836,start
1045,5836,start
1085,5836,start
975,5836,start
1022,5836,start
1116,5836,start
1055,5836,start
1076,5836,start
981,5836,start
1020,5836,start
1111,5836,start
1044,5836,start
1078,5836,start
983,5836,start
1015,5836,start
1117,5836,start
1054,5836,start
985,5836,start
1023,5836,start
989,5836,start
994,5838,end
995,5838,end
1006,5838,end
993,5838,end
992,5838,end
998,5838,end
996,5838,end
1007,5838,end
997,5838,end
999,5838,end
1000,5838,end
1002,5838,end
1001,5838,end
1014,5838,end
1016,5838,end
1003,5838,end
1005,5838,end
1010,5838,end
1008,5838,end
1011,5838,end
1004,5838,end
1018,5838,end
1013,5838,end
1015,5838,end
1009,5838,end
1019,5838,end
1020,5838,end
1012,5838,end
1022,5838,end
1017,5838,end
1023,5838,end
1021,5838,end
1121,5838,start
1123,5838,start
1120,5838,start
1124,5838,start
1125,5838,start
1122,5838,start
1127,5838,start
1129,5838,start
1131,5838,start
1126,5838,start
1128,5838,start
1141,5838,start
1130,5838,start
1132,5838,start
1135,5838,start
1138,5838,start
1139,5838,start
1136,5838,start
1134,5838,start
1133,5838,start
1143,5838,start
1145,5838,start
1140,5838,start
1142,5838,start
1151,5838,start
1137,5838,start
1144,5838,start
1146,5838,start
1147,5838,start
1149,5838,start
1148,5838,start
1150,5838,start
962,5838,end
961,5838,end
966,5838,end
960,5838,end
965,5838,end
963,5838,end
972,5838,end
970,5838,end
977,5838,end
971,5838,end
964,5838,end
974,5838,end
969,5838,end
967,5838,end
984,5838,end
978,5838,end
973,5838,end
975,5838,end
968,5838,end
986,5838,end
981,5838,end
983,5838,end
976,5838,end
982,5838,end
985,5838,end
979,5838,end
980,5838,end
987,5838,end
989,5838,end
990,5838,end
988,5838,end
991,5838,end
1155,5838,start
1152,5838,start
1154,5838,start
1159,5838,start
1153,5838,start
1163,5838,start
1158,5838,start
1160,5838,start
1157,5838,start
1162,5838,start
1156,5838,start
1161,5838,start
1173,5838,start
1178,5838,start
1166,5838,start
1164,5838,start
1175,5838,start
1165,5838,start
1168,5838,start
1169,5838,start
1172,5838,start
1167,5838,start
1183,5838,start
1170,5838,start
1171,5838,start
1174,5838,start
1176,5838,start
1181,5838,start
1179,5838,start
1177,5838,start
1182,5838,start
1180,5838,start
1024,5838,end
1027,5838,end
1025,5838,end
1030,5838,end
1038,5838,end
1029,5838,end
1039,5838,end
1034,5838,end
1033,5838,end
1043,5838,end
1036,5838,end
1026,5838,end
1037,5838,end
1031,5838,end
1028,5838,end
1042,5838,end
1041,5838,end
1047,5838,end
1032,5838,end
1046,5838,end
1049,5838,end
1035,5838,end
1040,5838,end
1054,5838,end
1053,5838,end
1055,5838,end
1048,5838,end
1051,5838,end
1044,5838,end
1045,5838,end
1050,5838,end
1052,5838,end
1187,5838,start
1186,5838,start
1184,5838,start
1191,5838,start
1190,5838,start
1188,5838,start
1185,5838,start
1192,5838,start
1193,5838,start
1195,5838,start
1194,5838,start
1189,5838,start
1196,5838,start
1205,5838,start
1207,5838,start
1210,5838,start
1197,5838,start
1200,5838,start
1204,5838,start
1201,5838,start
1198,5838,start
1208,5838,start
1202,5838,start
1199,5838,start
1206,5838,start
1203,5838,start
1209,5838,start
1215,5838,start
1214,5838,start
1213,5838,start
1211,5838,start
1212,5838,start
1090,5838,end
1098,5838,end
1088,5838,end
1104,5838,end
1091,5838,end
1094,5838,end
1100,5838,end
1099,5838,end
1093,5838,end
1102,5838,end
1092,5838,end
1095,5838,end
1089,5838,end
1110,5838,end
1096,5838,end
1103,5838,end
1097,5838,end
1106,5838,end
1108,5838,end
1111,5838,end
1101,5838,end
1114,5838,end
1112,5838,end
1107,5838,end
1105,5838,end
1115,5838,end
1116,5838,end
1118,5838,end
1109,5838,end
1119,5838,end
1113,5838,end
1117,5838,end
1216,5838,start
1217,5838,start
1219,5838,start
1220,5838,start
1218,5838,start
1222,5838,start
1224,5838,start
1221,5838,start
1223,5838,start
1225,5838,start
1236,5838,start
1226,5838,start
1227,5838,start
1229,5838,start
1231,5838,start
1233,5838,start
1235,5838,start
1230,5838,start
1232,5838,start
1234,5838,start
1239,5838,start
1228,5838,start
1238,5838,start
1244,5838,start
1237,5838,start
1247,5838,start
1241,5838,start
1240,5838,start
1246,5838,start
1242,5838,start
1245,5838,start
1243,5838,start
1059,5838,end
1060,5838,end
1057,5838,end
1063,5838,end
1058,5838,end
1056,5838,end
1070,5838,end
1068,5838,end
1067,5838,end
1062,5838,end
1061,5838,end
1071,5838,end
1064,5838,end
1066,5838,end
1065,5838,end
1075,5838,end
1072,5838,end
1082,5838,end
1069,5838,end
1078,5838,end
1076,5838,end
1079,5838,end
1080,5838,end
1074,5838,end
1073,5838,end
1087,5838,end
1084,5838,end
1077,5838,end
1083,5838,end
1081,5838,end
1085,5838,end
1086,5838,end
1254,5838,start
1250,5838,start
1248,5838,start
1249,5838,start
1258,5838,start
1253,5838,start
1251,5838,start
1252,5838,start
1262,5838,start
1255,5838,start
1257,5838,start
1256,5838,start
1260,5838,start
1268,5838,start
1263,5838,start
1266,5838,start
1259,5838,start
1261,5838,start
1270,5838,start
1264,5838,start
1269,5838,start
1276,5838,start
1274,5838,start
1267,5838,start
1272,5838,start
1273,5838,start
1275,5838,start
1265,5838,start
1279,5838,start
1278,5838,start
1271,5838,start
1277,5838,start
1122,5839,end
1123,5839,end
1121,5839,end
1125,5839,end
1127,5839,end
1135,5839,end
1133,5839,end
1131,5839,end
1130,5839,end
1132,5839,end
1129,5839,end
1143,5839,end
1134,5839,end
1120,5839,end
1137,5839,end
1146,5839,end
1139,5839,end
1141,5839,end
1124,5839,end
1126,5839,end
1151,5839,end
1145,5839,end
1128,5839,end
1138,5839,end
1144,5839,end
1150,5839,end
1147,5839,end
1142,5839,end
1140,5839,end
1136,5839,end
1148,5839,end
1149,5839,end
1284,5839,start
1280,5839,start
1281,5839,start
1288,5839,start
1285,5839,start
1283,5839,start
1289,5839,start
1287,5839,start
1282,5839,start
1295,5839,start
1286,5839,start
1291,5839,start
1292,5839,start
1290,5839,start
1294,5839,start
1293,5839,start
1296,5839,start
1299,5839,start
1304,5839,start
1298,5839,start
1297,5839,start
1303,5839,start
1300,5839,start
1306,5839,start
1305,5839,start
1308,5839,start
1307,5839,start
1301,5839,start
1309,5839,start
1310,5839,start
1311,5839,start
1302,5839,start
1187,5839,end
1189,5839,end
1199,5839,end
1194,5839,end
1185,5839,end
1188,5839,end
1198,5839,end
1191,5839,end
1205,5839,end
1184,5839,end
1186,5839,end
1203,5839,end
1193,5839,end
1196,5839,end
1190,5839,end
1195,5839,end
1197,5839,end
1192,5839,end
1202,5839,end
1211,5839,end
1201,5839,end
1204,5839,end
1210,5839,end
1207,5839,end
1209,5839,end
1200,5839,end
1214,5839,end
1215,5839,end
1213,5839,end
1208,5839,end
1206,5839,end
1212,5839,end
1312,5839,start
1316,5839,start
1314,5839,start
1313,5839,start
1317,5839,start
1315,5839,start
1320,5839,start
1322,5839,start
1321,5839,start
1332,5839,start
1319,5839,start
1323,5839,start
1325,5839,start
1318,5839,start
1338,5839,start
1324,5839,start
1327,5839,start
1329,5839,start
1340,5839,start
1331,5839,start
1333,5839,start
1326,5839,start
1328,5839,start
1330,5839,start
1336,5839,start
1335,5839,start
1337,5839,start
1334,5839,start
1341,5839,start
1339,5839,start
1342,5839,start
1343,5839,start
1154,5839,end
1155,5839,end
1157,5839,end
1158,5839,end
1152,5839,end
1165,5839,end
1167,5839,end
1162,5839,end
1159,5839,end
1161,5839,end
1160,5839,end
1170,5839,end
1156,5839,end
1153,5839,end
1163,5839,end
1166,5839,end
1164,5839,end
1173,5839,end
1171,5839,end
1174,5839,end
1168,5839,end
1169,5839,end
1175,5839,end
1178,5839,end
1176,5839,end
1181,5839,end
1179,5839,end
1177,5839,end
1172,5839,end
1182,5839,end
1183,5839,end
1180,5839,end
1344,5839,start
1348,5839,start
1345,5839,start
1352,5839,start
1349,5839,start
1353,5839,start
1347,5839,start
1351,5839,start
1346,5839,start
1350,5839,start
1367,5839,start
1354,5839,start
1357,5839,start
1359,5839,start
1361,5839,start
1358,5839,start
1355,5839,start
1356,5839,start
1362,5839,start
1360,5839,start
1365,5839,start
1363,5839,start
1368,5839,start
1369,5839,start
1370,5839,start
1364,5839,start
1373,5839,start
1374,5839,start
1372,5839,start
1371,5839,start
1366,5839,start
1375,5839,start
1219,5839,end
1227,5839,end
1216,5839,end
1226,5839,end
1217,5839,end
1223,5839,end
1218,5839,end
1220,5839,end
1225,5839,end
1231,5839,end
1230,5839,end
1228,5839,end
1221,5839,end
1243,5839,end
1234,5839,end
1224,5839,end
1233,5839,end
1235,5839,end
1229,5839,end
1232,5839,end
1222,5839,end
1239,5839,end
1241,5839,end
1244,5839,end
1238,5839,end
1236,5839,end
1237,5839,end
1247,5839,end
1242,5839,end
1240,5839,end
1245,5839,end
1246,5839,end
1380,5839,start
1376,5839,start
1377,5839,start
1384,5839,start
1381,5839,start
1379,5839,start
1385,5839,start
1383,5839,start
1378,5839,start
1391,5839,start
1382,5839,start
1387,5839,start
1388,5839,start
1386,5839,start
1390,5839,start
1389,5839,start
1392,5839,start
1395,5839,start
1400,5839,start
1394,5839,start
1393,5839,start
1399,5839,start
1396,5839,start
1402,5839,start
1401,5839,start
1404,5839,start
1403,5839,start
1397,5839,start
1405,5839,start
1406,5839,start
1407,5839,start
1398,5839,start
1257,5839,end
1251,5839,end
1254,5839,end
1248,5839,end
1249,5839,end
1259,5839,end
1250,5839,end
1252,5839,end
1253,5839,end
1255,5839,end
1258,5839,end
1260,5839,end
1261,5839,end
1263,5839,end
1265,5839,end
1256,5839,end
1262,5839,end
1267,5839,end
1266,5839,end
1264,5839,end
1269,5839,end
1271,5839,end
1270,5839,end
1268,5839,end
1273,5839,end
1279,5839,end
1274,5839,end
1272,5839,end
1277,5839,end
1275,5839,end
1278,5839,end
1276,5839,end
1412,5839,start
1408,5839,start
1409,5839,start
1416,5839,start
1413,5839,start
1417,5839,start
1411,5839,start
1414,5839,start
1410,5839,start
1419,5839,start
1418,5839,start
1415,5839,start
1420,5839,start
1422,5839,start
1432,5839,start
1434,5839,start
1433,5839,start
1435,5839,start
1425,5839,start
1426,5839,start
1424,5839,start
1423,5839,start
1421,5839,start
1428,5839,start
1427,5839,start
1429,5839,start
1438,5839,start
1436,5839,start
1431,5839,start
1437,5839,start
1430,5839,start
1439,5839,start
1282,5840,end
1280,5840,end
1284,5840,end
1283,5840,end
1288,5840,end
1281,5840,end
1286,5840,end
1291,5840,end
1292,5840,end
1290,5840,end
1285,5840,end
1303,5840,end
1293,5840,end
1294,5840,end
1296,5840,end
1295,5840,end
1289,5840,end
1298,5840,end
1304,5840,end
1299,5840,end
1305,5840,end
1302,5840,end
1300,5840,end
1287,5840,end
1297,5840,end
1310,5840,end
1301,5840,end
1307,5840,end
1308,5840,end
1306,5840,end
1309,5840,end
1311,5840,end
1443,5840,start
1440,5840,start
1442,5840,start
1447,5840,start
1441,5840,start
1451,5840,start
1446,5840,start
1448,5840,start
1445,5840,start
1450,5840,start
1444,5840,start
1449,5840,start
1461,5840,start
1466,5840,start
1454,5840,start
1452,5840,start
1463,5840,start
1453,5840,start
1456,5840,start
1457,5840,start
1460,5840,start
1455,5840,start
1471,5840,start
1458,5840,start
1459,5840,start
1462,5840,start
1464,5840,start
1469,5840,start
1467,5840,start
1465,5840,start
1470,5840,start
1468,5840,start
1344,5840,end
1346,5840,end
1347,5840,end
1356,5840,end
1350,5840,end
1348,5840,end
1354,5840,end
1345,5840,end
1363,5840,end
1362,5840,end
1352,5840,end
1351,5840,end
1357,5840,end
1355,5840,end
1349,5840,end
1358,5840,end
1360,5840,end
1359,5840,end
1353,5840,end
1370,5840,end
1364,5840,end
1374,5840,end
1373,5840,end
1371,5840,end
1368,5840,end
1367,5840,end
1365,5840,end
1366,5840,end
1372,5840,end
1361,5840,end
1375,5840,end
1369,5840,end
1473,5840,start
1474,5840,start
1477,5840,start
1475,5840,start
1481,5840,start
1472,5840,start
1478,5840,start
1480,5840,start
1483,5840,start
1476,5840,start
1479,5840,start
1482,5840,start
1495,5840,start
1484,5840,start
1488,5840,start
1487,5840,start
1485,5840,start
1486,5840,start
1489,5840,start
1491,5840,start
1494,5840,start
1492,5840,start
1497,5840,start
1496,5840,start
1502,5840,start
1503,5840,start
1493,5840,start
1490,5840,start
1500,5840,start
1499,5840,start
1501,5840,start
1498,5840,start
1313,5840,end
1319,5840,end
1316,5840,end
1322,5840,end
1314,5840,end
1324,5840,end
1323,5840,end
1321,5840,end
1315,5840,end
1320,5840,end
1318,5840,end
1317,5840,end
1327,5840,end
1312,5840,end
1334,5840,end
1332,5840,end
1326,5840,end
1336,5840,end
1335,5840,end
1325,5840,end
1330,5840,end
1328,5840,end
1342,5840,end
1329,5840,end
1331,5840,end
1340,5840,end
1339,5840,end
1337,5840,end
1338,5840,end
1333,5840,end
1341,5840,end
1343,5840,end
1507,5840,start
1506,5840,start
1504,5840,start
1511,5840,start
1510,5840,start
1508,5840,start
1505,5840,start
1512,5840,start
1513,5840,start
1515,5840,start
1514,5840,start
1509,5840,start
1516,5840,start
1525,5840,start
1527,5840,start
1530,5840,start
1517,5840,start
1520,5840,start
1524,5840,start
1521,5840,start
1518,5840,start
1528,5840,start
1522,5840,start
1519,5840,start
1526,5840,start
1523,5840,start
1529,5840,start
1535,5840,start
1534,5840,start
1533,5840,start
1531,5840,start
1532,5840,start
1376,5840,end
1378,5840,end
1377,5840,end
1379,5840,end
1384,5840,end
1394,5840,end
1381,5840,end
1383,5840,end
1380,5840,end
1386,5840,end
1392,5840,end
1387,5840,end
1389,5840,end
1382,5840,end
1388,5840,end
1391,5840,end
1385,5840,end
1402,5840,end
1400,5840,end
1395,5840,end
1397,5840,end
1390,5840,end
1404,5840,end
1398,5840,end
1393,5840,end
1399,5840,end
1396,5840,end
1406,5840,end
1401,5840,end
1403,5840,end
1405,5840,end
1407,5840,end
1539,5840,start
1536,5840,start
1538,5840,start
1543,5840,start
1537,5840,start
1547,5840,start
1542,5840,start
1544,5840,start
1541,5840,start
1546,5840,start
1540,5840,start
1545,5840,start
1557,5840,start
1562,5840,start
1550,5840,start
1548,5840,start
1559,5840,start
1549,5840,start
1552,5840,start
1553,5840,start
1556,5840,start
1551,5840,start
1567,5840,start
1554,5840,start
1555,5840,start
1558,5840,start
1560,5840,start
1565,5840,start
1563,5840,start
1561,5840,start
1566,5840,start
1564,5840,start
1411,5841,end
1412,5841,end
1408,5841,end
1410,5841,end
1417,5841,end
1423,5841,end
1413,5841,end
1414,5841,end
1424,5841,end
1418,5841,end
1421,5841,end
1427,5841,end
1420,5841,end
1422,5841,end
1409,5841,end
1419,5841,end
1416,5841,end
1430,5841,end
1425,5841,end
1415,5841,end
1432,5841,end
1426,5841,end
1429,5841,end
1439,5841,end
1428,5841,end
1434,5841,end
1433,5841,end
1435,5841,end
1431,5841,end
1436,5841,end
1438,5841,end
1437,5841,end
1571,5841,start
1568,5841,start
1570,5841,start
1575,5841,start
1569,5841,start
1579,5841,start
1574,5841,start
1576,5841,start
1573,5841,start
1578,5841,start
1572,5841,start
1577,5841,start
1589,5841,start
1594,5841,start
1582,5841,start
1580,5841,start
1591,5841,start
1581,5841,start
1584,5841,start
1585,5841,start
1588,5841,start
1583,5841,start
1599,5841,start
1586,5841,start
1587,5841,start
1590,5841,start
1592,5841,start
1597,5841,start
1595,5841,start
1593,5841,start
1598,5841,start
1596,5841,start
1441,5841,end
1449,5841,end
1447,5841,end
1440,5841,end
1443,5841,end
1445,5841,end
1451,5841,end
1454,5841,end
1444,5841,end
1453,5841,end
1442,5841,end
1448,5841,end
1459,5841,end
1461,5841,end
1455,5841,end
1446,5841,end
1452,5841,end
1462,5841,end
1457,5841,end
1456,5841,end
1450,5841,end
1463,5841,end
1460,5841,end
1458,5841,end
1467,5841,end
1465,5841,end
1464,5841,end
1469,5841,end
1471,5841,end
1466,5841,end
1468,5841,end
1470,5841,end
1604,5841,start
1600,5841,start
1601,5841,start
1608,5841,start
1605,5841,start
1609,5841,start
1603,5841,start
1606,5841,start
1602,5841,start
1611,5841,start
1610,5841,start
1607,5841,start
1612,5841,start
1614,5841,start
1624,5841,start
1626,5841,start
1625,5841,start
1627,5841,start
1617,5841,start
1618,5841,start
1616,5841,start
1615,5841,start
1613,5841,start
1620,5841,start
1619,5841,start
1621,5841,start
1630,5841,start
1628,5841,start
1623,5841,start
1629,5841,start
1622,5841,start
1631,5841,start
1475,5842,end
1472,5842,end
1477,5842,end
1487,5842,end
1473,5842,end
1478,5842,end
1479,5842,end
1476,5842,end
1485,5842,end
1483,5842,end
1474,5842,end
1480,5842,end
1489,5842,end
1491,5842,end
1482,5842,end
1488,5842,end
1481,5842,end
1495,5842,end
1486,5842,end
1499,5842,end
1493,5842,end
1484,5842,end
1490,5842,end
1492,5842,end
1501,5842,end
1503,5842,end
1502,5842,end
1497,5842,end
1496,5842,end
1498,5842,end
1494,5842,end
1500,5842,end
1636,5842,start
1632,5842,start
1633,5842,start
1640,5842,start
1637,5842,start
1635,5842,start
1641,5842,start
1639,5842,start
1634,5842,start
1647,5842,start
1638,5842,start
1643,5842,start
1644,5842,start
1642,5842,start
1646,5842,start
1645,5842,start
1648,5842,start
1651,5842,start
1656,5842,start
1650,5842,start
1649,5842,start
1655,5842,start
1652,5842,start
1658,5842,start
1657,5842,start
1660,5842,start
1659,5842,start
1653,5842,start
1661,5842,start
1662,5842,start
1663,5842,start
1654,5842,start
1504,5842,end
1509,5842,end
1507,5842,end
1517,5842,end
1508,5842,end
1519,5842,end
1510,5842,end
1512,5842,end
1513,5842,end
1511,5842,end
1506,5842,end
1516,5842,end
1505,5842,end
1515,5842,end
1525,5842,end
1520,5842,end
1518,5842,end
1531,5842,end
1514,5842,end
1528,5842,end
1521,5842,end
1523,5842,end
1529,5842,end
1524,5842,end
1522,5842,end
1527,5842,end
1526,5842,end
1532,5842,end
1534,5842,end
1535,5842,end
1533,5842,end
1530,5842,end
1664,5842,start
1668,5842,start
1665,5842,start
1672,5842,start
1669,5842,start
1673,5842,start
1667,5842,start
1671,5842,start
1666,5842,start
1670,5842,start
1687,5842,start
1674,5842,start
1677,5842,start
1679,5842,start
1681,5842,start
1678,5842,start
1675,5842,start
1676,5842,start
1682,5842,start
1680,5842,start
1685,5842,start
1683,5842,start
1688,5842,start
1689,5842,start
1690,5842,start
1684,5842,start
1693,5842,start
1694,5842,start
1692,5842,start
1691,5842,start
1686,5842,start
1695,5842,start
1539,5842,end
1536,5842,end
1543,5842,end
1537,5842,end
1542,5842,end
1548,5842,end
1541,5842,end
1551,5842,end
1538,5842,end
1540,5842,end
1546,5842,end
1547,5842,end
1549,5842,end
1552,5842,end
1553,5842,end
1555,5842,end
1550,5842,end
1544,5842,end
1554,5842,end
1559,5842,end
1545,5842,end
1560,5842,end
1562,5842,end
1563,5842,end
1561,5842,end
1564,5842,end
1557,5842,end
1556,5842,end
1558,5842,end
1567,5842,end
1566,5842,end
1565,5842,end
1699,5842,start
1703,5842,start
1698,5842,start
1707,5842,start
1702,5842,start
1697,5842,start
1706,5842,start
1701,5842,start
1696,5842,start
1717,5842,start
1700,5842,start
1704,5842,start
1710,5842,start
1708,5842,start
1711,5842,start
1709,5842,start
1714,5842,start
1705,5842,start
1715,5842,start
1712,5842,start
1713,5842,start
1719,5842,start
1718,5842,start
1720,5842,start
1722,5842,start
1723,5842,start
1727,5842,start
1721,5842,start
1726,5842,start
1724,5842,start
1716,5842,start
1725,5842,start
1571,5842,end
1569,5842,end
1568,5842,end
1570,5842,end
1583,5842,end
1581,5842,end
1572,5842,end
1573,5842,end
1575,5842,end
1578,5842,end
1580,5842,end
1577,5842,end
1579,5842,end
1574,5842,end
1576,5842,end
1585,5842,end
1599,5842,end
1593,5842,end
1584,5842,end
1582,5842,end
1595,5842,end
1589,5842,end
1587,5842,end
1586,5842,end
1588,5842,end
1591,5842,end
1594,5842,end
1592,5842,end
1597,5842,end
1590,5842,end
1598,5842,end
1596,5842,end
1728,5842,start
1732,5842,start
1729,5842,start
1736,5842,start
1733,5842,start
1737,5842,start
1731,5842,start
1735,5842,start
1730,5842,start
1734,5842,start
1751,5842,start
1738,5842,start
1741,5842,start
1743,5842,start
1745,5842,start
1742,5842,start
1739,5842,start
1740,5842,start
1746,5842,start
1744,5842,start
1749,5842,start
1747,5842,start
1752,5842,start
1753,5842,start
1754,5842,start
1748,5842,start
1757,5842,start
1758,5842,start
1756,5842,start
1755,5842,start
1750,5842,start
1759,5842,start
1600,5843,end
1604,5843,end
1603,5843,end
1613,5843,end
1608,5843,end
1602,5843,end
1601,5843,end
1607,5843,end
1612,5843,end
1606,5843,end
1616,5843,end
1619,5843,end
1609,5843,end
1614,5843,end
1605,5843,end
1618,5843,end
1624,5843,end
1611,5843,end
1620,5843,end
1610,5843,end
1625,5843,end
1615,5843,end
1617,5843,end
1622,5843,end
1621,5843,end
1631,5843,end
1628,5843,end
1626,5843,end
1629,5843,end
1623,5843,end
1630,5843,end
1627,5843,end
1763,5843,start
1761,5843,start
1760,5843,start
1762,5843,start
1767,5843,start
1765,5843,start
1771,5843,start
1766,5843,start
1768,5843,start
1769,5843,start
1770,5843,start
1764,5843,start
1781,5843,start
1772,5843,start
1774,5843,start
1783,5843,start
1778,5843,start
1776,5843,start
1773,5843,start
1775,5843,start
1782,5843,start
1780,5843,start
1777,5843,start
1791,5843,start
1785,5843,start
1784,5843,start
1786,5843,start
1779,5843,start
1787,5843,start
1789,5843,start
1788,5843,start
1790,5843,start
1632,5843,end
1634,5843,end
1637,5843,end
1638,5843,end
1644,5843,end
1650,5843,end
1633,5843,end
1635,5843,end
1640,5843,end
1642,5843,end
1645,5843,end
1639,5843,end
1636,5843,end
1647,5843,end
1649,5843,end
1646,5843,end
1652,5843,end
1662,5843,end
1641,5843,end
1643,5843,end
1660,5843,end
1654,5843,end
1657,5843,end
1651,5843,end
1656,5843,end
1658,5843,end
1653,5843,end
1659,5843,end
1661,5843,end
1655,5843,end
1648,5843,end
1663,5843,end
1795,5843,start
1792,5843,start
1794,5843,start
1799,5843,start
1793,5843,start
1803,5843,start
1798,5843,start
1800,5843,start
1797,5843,start
1802,5843,start
1796,5843,start
1801,5843,start
1813,5843,start
1818,5843,start
1806,5843,start
1804,5843,start
1815,5843,start
1805,5843,start
1808,5843,start
1809,5843,start
1812,5843,start
1807,5843,start
1823,5843,start
1810,5843,start
1811,5843,start
1814,5843,start
1816,5843,start
1821,5843,start
1819,5843,start
1817,5843,start
1822,5843,start
1820,5843,start
1665,5843,end
1667,5843,end
1666,5843,end
1669,5843,end
1670,5843,end
1664,5843,end
1671,5843,end
1672,5843,end
1678,5843,end
1677,5843,end
1687,5843,end
1673,5843,end
1682,5843,end
1668,5843,end
1675,5843,end
1685,5843,end
1686,5843,end
1676,5843,end
1683,5843,end
1684,5843,end
1690,5843,end
1681,5843,end
1679,5843,end
1692,5843,end
1674,5843,end
1693,5843,end
1691,5843,end
1689,5843,end
1694,5843,end
1680,5843,end
1695,5843,end
1688,5843,end
1825,5843,start
1827,5843,start
1824,5843,start
1826,5843,start
1831,5843,start
1829,5843,start
1828,5843,start
1834,5843,start
1835,5843,start
1830,5843,start
1832,5843,start
1833,5843,start
1847,5843,start
1836,5843,start
1838,5843,start
1840,5843,start
1846,5843,start
1841,5843,start
1844,5843,start
1837,5843,start
1843,5843,start
1845,5843,start
1839,5843,start
1842,5843,start
1848,5843,start
1854,5843,start
1855,5843,start
1849,5843,start
1850,5843,start
1851,5843,start
1852,5843,start
1853,5843,start
1696,5843,end
1703,5843,end
1704,5843,end
1698,5843,end
1699,5843,end
1700,5843,end
1706,5843,end
1708,5843,end
1719,5843,end
1709,5843,end
1710,5843,end
1712,5843,end
1711,5843,end
1705,5843,end
1714,5843,end
1697,5843,end
1707,5843,end
1716,5843,end
1702,5843,end
1701,5843,end
1715,5843,end
1720,5843,end
1722,5843,end
1721,5843,end
1723,5843,end
1717,5843,end
1718,5843,end
1724,5843,end
1726,5843,end
1713,5843,end
1727,5843,end
1725,5843,end
1857,5843,start
1856,5843,start
1861,5843,start
1859,5843,start
1865,5843,start
1858,5843,start
1860,5843,start
1863,5843,start
1864,5843,start
1862,5843,start
1876,5843,start
1867,5843,start
1866,5843,start
1868,5843,start
1870,5843,start
1871,5843,start
1869,5843,start
1872,5843,start
1873,5843,start
1879,5843,start
1874,5843,start
1884,5843,start
1881,5843,start
1875,5843,start
1878,5843,start
1887,5843,start
1877,5843,start
1880,5843,start
1882,5843,start
1885,5843,start
1883,5843,start
1886,5843,start
1730,5843,end
1728,5843,end
1729,5843,end
1734,5843,end
1731,5843,end
1744,5843,end
1738,5843,end
1733,5843,end
1735,5843,end
1736,5843,end
1746,5843,end
1737,5843,end
1743,5843,end
1732,5843,end
1742,5843,end
1745,5843,end
1747,5843,end
1740,5843,end
1750,5843,end
1741,5843,end
1755,5843,end
1748,5843,end
1754,5843,end
1752,5843,end
1739,5843,end
1749,5843,end
1758,5843,end
1753,5843,end
1751,5843,end
1756,5843,end
1759,5843,end
1757,5843,end
1891,5843,start
1890,5843,start
1888,5843,start
1895,5843,start
1894,5843,start
1892,5843,start
1889,5843,start
1896,5843,start
1897,5843,start
1899,5843,start
1898,5843,start
1893,5843,start
1900,5843,start
1909,5843,start
1911,5843,start
1914,5843,start
1901,5843,start
1904,5843,start
1908,5843,start
1905,5843,start
1902,5843,start
1912,5843,start
1906,5843,start
1903,5843,start
1910,5843,start
1907,5843,start
1913,5843,start
1919,5843,start
1918,5843,start
1917,5843,start
1915,5843,start
1916,5843,start
1761,5844,end
1768,5844,end
1765,5844,end
1763,5844,end
1774,5844,end
1767,5844,end
1769,5844,end
1760,5844,end
1762,5844,end
1771,5844,end
1773,5844,end
1772,5844,end
1778,5844,end
1787,5844,end
1766,5844,end
1764,5844,end
1777,5844,end
1775,5844,end
1782,5844,end
1780,5844,end
1781,5844,end
1779,5844,end
1786,5844,end
1776,5844,end
1785,5844,end
1783,5844,end
1770,5844,end
1784,5844,end
1789,5844,end
1788,5844,end
1790,5844,end
1791,5844,end
1922,5844,start
1926,5844,start
1930,5844,start
1921,5844,start
1923,5844,start
1927,5844,start
1925,5844,start
1920,5844,start
1929,5844,start
1924,5844,start
1928,5844,start
1931,5844,start
1932,5844,start
1935,5844,start
1934,5844,start
1933,5844,start
1941,5844,start
1938,5844,start
1936,5844,start
1946,5844,start
1944,5844,start
1943,5844,start
1951,5844,start
1942,5844,start
1937,5844,start
1939,5844,start
1945,5844,start
1950,5844,start
1949,5844,start
1948,5844,start
1940,5844,start
1947,5844,start
1793,5844,end
1803,5844,end
1796,5844,end
1799,5844,end
1805,5844,end
1792,5844,end
1794,5844,end
1795,5844,end
1801,5844,end
1800,5844,end
1806,5844,end
1807,5844,end
1797,5844,end
1804,5844,end
1798,5844,end
1811,5844,end
1809,5844,end
1812,5844,end
1802,5844,end
1808,5844,end
1813,5844,end
1815,5844,end
1810,5844,end
1816,5844,end
1817,5844,end
1819,5844,end
1814,5844,end
1822,5844,end
1823,5844,end
1821,5844,end
1818,5844,end
1820,5844,end
1956,5844,start
1952,5844,start
1953,5844,start
1960,5844,start
1957,5844,start
1955,5844,start
1961,5844,start
1959,5844,start
1954,5844,start
1967,5844,start
1958,5844,start
1963,5844,start
1964,5844,start
1962,5844,start
1966,5844,start
1965,5844,start
1968,5844,start
1971,5844,start
1976,5844,start
1970,5844,start
1969,5844,start
1975,5844,start
1972,5844,start
1978,5844,start
1977,5844,start
1980,5844,start
1979,5844,start
1973,5844,start
1981,5844,start
1982,5844,start
1983,5844,start
1974,5844,start
1825,5844,end
1827,5844,end
1824,5844,end
1830,5844,end
1839,5844,end
1833,5844,end
1828,5844,end
1838,5844,end
1831,5844,end
1845,5844,end
1832,5844,end
1826,5844,end
1843,5844,end
1829,5844,end
1836,5844,end
1834,5844,end
1835,5844,end
1841,5844,end
1848,5844,end
1842,5844,end
1851,5844,end
1837,5844,end
1855,5844,end
1850,5844,end
1840,5844,end
1849,5844,end
1847,5844,end
1846,5844,end
1844,5844,end
1853,5844,end
1854,5844,end
1852,5844,end
1988,5844,start
1984,5844,start
1985,5844,start
1992,5844,start
1989,5844,start
1993,5844,start
1987,5844,start
1990,5844,start
1986,5844,start
1995,5844,start
1994,5844,start
1991,5844,start
1996,5844,start
1998,5844,start
2008,5844,start
2010,5844,start
2009,5844,start
2011,5844,start
2001,5844,start
2002,5844,start
2000,5844,start
1999,5844,start
1997,5844,start
2004,5844,start
2003,5844,start
2005,5844,start
2014,5844,start
2012,5844,start
2007,5844,start
2013,5844,start
2006,5844,start
2015,5844,start
1861,5844,end
1859,5844,end
1869,5844,end
1860,5844,end
1857,5844,end
1871,5844,end
1858,5844,end
1856,5844,end
1879,5844,end
1865,5844,end
1868,5844,end
1866,5844,end
1863,5844,end
1862,5844,end
1864,5844,end
1873,5844,end
1872,5844,end
1870,5844,end
1867,5844,end
1877,5844,end
1883,5844,end
1878,5844,end
1876,5844,end
1885,5844,end
1880,5844,end
1874,5844,end
1887,5844,end
1886,5844,end
1875,5844,end
1881,5844,end
1882,5844,end
1884,5844,end
2016,5844,start
2020,5844,start
2018,5844,start
2017,5844,start
2021,5844,start
2019,5844,start
2024,5844,start
2026,5844,start
2025,5844,start
2036,5844,start
2023,5844,start
2027,5844,start
2029,5844,start
2022,5844,start
2042,5844,start
2028,5844,start
2031,5844,start
2033,5844,start
2044,5844,start
2035,5844,start
2037,5844,start
2030,5844,start
2032,5844,start
2034,5844,start
2040,5844,start
2039,5844,start
2041,5844,start
2038,5844,start
2045,5844,start
2043,5844,start
2046,5844,start
2047,5844,start
1889,5845,end
1892,5845,end
1893,5845,end
1891,5845,end
1902,5845,end
1897,5845,end
1895,5845,end
1898,5845,end
1896,5845,end
1903,5845,end
1894,5845,end
1888,5845,end
1905,5845,end
1900,5845,end
1910,5845,end
1899,5845,end
1901,5845,end
1904,5845,end
1890,5845,end
1907,5845,end
1917,5845,end
1915,5845,end
1909,5845,end
1912,5845,end
1906,5845,end
1911,5845,end
1914,5845,end
1908,5845,end
1913,5845,end
1916,5845,end
1919,5845,end
1918,5845,end
2052,5845,start
2048,5845,start
2049,5845,start
2056,5845,start
2053,5845,start
2051,5845,start
2057,5845,start
2055,5845,start
2050,5845,start
2063,5845,start
2054,5845,start
2059,5845,start
2060,5845,start
2058,5845,start
2062,5845,start
2061,5845,start
2064,5845,start
2067,5845,start
2072,5845,start
2066,5845,start
2065,5845,start
2071,5845,start
2068,5845,start
2074,5845,start
2073,5845,start
2076,5845,start
2075,5845,start
2069,5845,start
2077,5845,start
2078,5845,start
2079,5845,start
2070,5845,start
1922,5845,end
1925,5845,end
1920,5845,end
1924,5845,end
1930,5845,end
1923,5845,end
1926,5845,end
1928,5845,end
1927,5845,end
1921,5845,end
1938,5845,end
1932,5845,end
1943,5845,end
1933,5845,end
1942,5845,end
1936,5845,end
1935,5845,end
1929,5845,end
1934,5845,end
1940,5845,end
1931,5845,end
1941,5845,end
1946,5845,end
1944,5845,end
1939,5845,end
1945,5845,end
1950,5845,end
1937,5845,end
1949,5845,end
1947,5845,end
1948,5845,end
1951,5845,end
2083,5845,start
2080,5845,start
2082,5845,start
2087,5845,start
2081,5845,start
2091,5845,start
2086,5845,start
2088,5845,start
2085,5845,start
2090,5845,start
2084,5845,start
2089,5845,start
2101,5845,start
2106,5845,start
2094,5845,start
2092,5845,start
2103,5845,start
2093,5845,start
2096,5845,start
2097,5845,start
2100,5845,start
2095,5845,start
2111,5845,start
2098,5845,start
2099,5845,start
2102,5845,start
2104,5845,start
2109,5845,start
2107,5845,start
2105,5845,start
2110,5845,start
2108,5845,start
1958,5845,end
1953,5845,end
1954,5845,end
1952,5845,end
1962,5845,end
1965,5845,end
1960,5845,end
1966,5845,end
1957,5845,end
1955,5845,end
1964,5845,end
1970,5845,end
1969,5845,end
1959,5845,end
1956,5845,end
1974,5845,end
1961,5845,end
1963,5845,end
1968,5845,end
1967,5845,end
1977,5845,end
1975,5845,end
1972,5845,end
1981,5845,end
1983,5845,end
1980,5845,end
1978,5845,end
1973,5845,end
1979,5845,end
1976,5845,end
1971,5845,end
1982,5845,end
2115,5845,start
2114,5845,start
2112,5845,start
2119,5845,start
2118,5845,start
2116,5845,start
2113,5845,start
2120,5845,start
2121,5845,start
2123,5845,start
2122,5845,start
2117,5845,start
2124,5845,start
2133,5845,start
2135,5845,start
2138,5845,start
2125,5845,start
2128,5845,start
2132,5845,start
2129,5845,start
2126,5845,start
2136,5845,start
2130,5845,start
2127,5845,start
2134,5845,start
2131,5845,start
2137,5845,start
2143,5845,start
2142,5845,start
2141,5845,start
2139,5845,start
2140,5845,start
1984,5845,end
1986,5845,end
1985,5845,end
1987,5845,end
1988,5845,end
1998,5845,end
1993,5845,end
1991,5845,end
1990,5845,end
1992,5845,end
1999,5845,end
1989,5845,end
2002,5845,end
1996,5845,end
1995,5845,end
1997,5845,end
2003,5845,end
2000,5845,end
2014,5845,end
2001,5845,end
1994,5845,end
2008,5845,end
2011,5845,end
2013,5845,end
2006,5845,end
2004,5845,end
2007,5845,end
2005,5845,end
2010,5845,end
2012,5845,end
2015,5845,end
2009,5845,end
2145,5845,start
2144,5845,start
2149,5845,start
2147,5845,start
2153,5845,start
2146,5845,start
2148,5845,start
2151,5845,start
2152,5845,start
2150,5845,start
2164,5845,start
2155,5845,start
2154,5845,start
2156,5845,start
2158,5845,start
2159,5845,start
2157,5845,start
2160,5845,start
2161,5845,start
2167,5845,start
2162,5845,start
2172,5845,start
2169,5845,start
2163,5845,start
2166,5845,start
2175,5845,start
2165,5845,start
2168,5845,start
2170,5845,start
2173,5845,start
2171,5845,start
2174,5845,start
2020,5846,end
2019,5846,end
2018,5846,end
2028,5846,end
2017,5846,end
2024,5846,end
2030,5846,end
2023,5846,end
2025,5846,end
2027,5846,end
2016,5846,end
2026,5846,end
2021,5846,end
2043,5846,end
2032,5846,end
2042,5846,end
2033,5846,end
2031,5846,end
2036,5846,end
2022,5846,end
2029,5846,end
2035,5846,end
2041,5846,end
2038,5846,end
2044,5846,end
2039,5846,end
2037,5846,end
2034,5846,end
2040,5846,end
2047,5846,end
2045,5846,end
2046,5846,end
2179,5846,start
2178,5846,start
2176,5846,start
2183,5846,start
2182,5846,start
2180,5846,start
2177,5846,start
2184,5846,start
2185,5846,start
2187,5846,start
2186,5846,start
2181,5846,start
2188,5846,start
2197,5846,start
2199,5846,start
2202,5846,start
2189,5846,start
2192,5846,start
2196,5846,start
2193,5846,start
2190,5846,start
2200,5846,start
2194,5846,start
2191,5846,start
2198,5846,start
2195,5846,start
2201,5846,start
2207,5846,start
2206,5846,start
2205,5846,start
2203,5846,start
2204,5846,start
2050,5846,end
2049,5846,end
2052,5846,end
2051,5846,end
2053,5846,end
2066,5846,end
2048,5846,end
2059,5846,end
2065,5846,end
2054,5846,end
2060,5846,end
2055,5846,end
2057,5846,end
2058,5846,end
2064,5846,end
2067,5846,end
2061,5846,end
2062,5846,end
2056,5846,end
2070,5846,end
2068,5846,end
2063,5846,end
2069,5846,end
2071,5846,end
2072,5846,end
2074,5846,end
2073,5846,end
2078,5846,end
2076,5846,end
2075,5846,end
2077,5846,end
2079,5846,end
2215,5846,start
2223,5846,start
2210,5846,start
2208,5846,start
2209,5846,start
2211,5846,start
2214,5846,start
2212,5846,start
2213,5846,start
2216,5846,start
2218,5846,start
2227,5846,start
2217,5846,start
2228,5846,start
2229,5846,start
2222,5846,start
2220,5846,start
2221,5846,start
2234,5846,start
2225,5846,start
2219,5846,start
2231,5846,start
2233,5846,start
2224,5846,start
2226,5846,start
2232,5846,start
2230,5846,start
2235,5846,start
2238,5846,start
2239,5846,start
2237,5846,start
2236,5846,start
2113,5847,end
2115,5847,end
2117,5847,end
2119,5847,end
2121,5847,end
2116,5847,end
2114,5847,end
2112,5847,end
2125,5847,end
2123,5847,end
2118,5847,end
2120,5847,end
2126,5847,end
2127,5847,end
2129,5847,end
2124,5847,end
2122,5847,end
2131,5847,end
2137,5847,end
2128,5847,end
2134,5847,end
2135,5847,end
2133,5847,end
2139,5847,end
2142,5847,end
2132,5847,end
2130,5847,end
2140,5847,end
2141,5847,end
2143,5847,end
2138,5847,end
2136,5847,end
2244,5847,start
2240,5847,start
2241,5847,start
2248,5847,start
2245,5847,start
2249,5847,start
2243,5847,start
2246,5847,start
2242,5847,start
2251,5847,start
2250,5847,start
2247,5847,start
2252,5847,start
2254,5847,start
2264,5847,start
2266,5847,start
2265,5847,start
2267,5847,start
2257,5847,start
2258,5847,start
2256,5847,start
2255,5847,start
2253,5847,start
2260,5847,start
2259,5847,start
2261,5847,start
2270,5847,start
2268,5847,start
2263,5847,start
2269,5847,start
2262,5847,start
2271,5847,start
2146,5847,end
2145,5847,end
2144,5847,end
2157,5847,end
2151,5847,end
2169,5847,end
2159,5847,end
2149,5847,end
2148,5847,end
2158,5847,end
2152,5847,end
2150,5847,end
2155,5847,end
2153,5847,end
2160,5847,end
2162,5847,end
2147,5847,end
2154,5847,end
2156,5847,end
2167,5847,end
2161,5847,end
2164,5847,end
2166,5847,end
2163,5847,end
2170,5847,end
2172,5847,end
2165,5847,end
2171,5847,end
2173,5847,end
2168,5847,end
2174,5847,end
2175,5847,end
2272,5847,start
2276,5847,start
2273,5847,start
2280,5847,start
2281,5847,start
2275,5847,start
2277,5847,start
2274,5847,start
2278,5847,start
2283,5847,start
2285,5847,start
2279,5847,start
2284,5847,start
2282,5847,start
2289,5847,start
2286,5847,start
2288,5847,start
2298,5847,start
2299,5847,start
2293,5847,start
2297,5847,start
2287,5847,start
2296,5847,start
2290,5847,start
2291,5847,start
2295,5847,start
2292,5847,start
2302,5847,start
2301,5847,start
2300,5847,start
2294,5847,start
2303,5847,start
2176,5847,end
2177,5847,end
2179,5847,end
2186,5847,end
2184,5847,end
2181,5847,end
2187,5847,end
2178,5847,end
2180,5847,end
2189,5847,end
2191,5847,end
2182,5847,end
2183,5847,end
2185,5847,end
2188,5847,end
2190,5847,end
2199,5847,end
2193,5847,end
2192,5847,end
2194,5847,end
2195,5847,end
2201,5847,end
2203,5847,end
2202,5847,end
2196,5847,end
2197,5847,end
2207,5847,end
2198,5847,end
2200,5847,end
2206,5847,end
2204,5847,end
2205,5847,end
2308,5847,start
2304,5847,start
2305,5847,start
2312,5847,start
2309,5847,start
2313,5847,start
2307,5847,start
2310,5847,start
2306,5847,start
2315,5847,start
2314,5847,start
2311,5847,start
2316,5847,start
2318,5847,start
2328,5847,start
2330,5847,start
2329,5847,start
2331,5847,start
2321,5847,start
2322,5847,start
2320,5847,start
2319,5847,start
2317,5847,start
2324,5847,start
2323,5847,start
2325,5847,start
2334,5847,start
2332,5847,start
2327,5847,start
2333,5847,start
2326,5847,start
2335,5847,start
2083,5847,end
2080,5847,end
2089,5847,end
2087,5847,end
2084,5847,end
2086,5847,end
2091,5847,end
2081,5847,end
2092,5847,end
2094,5847,end
2085,5847,end
2088,5847,end
2082,5847,end
2095,5847,end
2093,5847,end
2099,5847,end
2090,5847,end
2096,5847,end
2097,5847,end
2100,5847,end
2098,5847,end
2107,5847,end
2101,5847,end
2104,5847,end
2102,5847,end
2105,5847,end
2110,5847,end
2108,5847,end
2106,5847,end
2103,5847,end
2109,5847,end
2111,5847,end
2339,5847,start
2336,5847,start
2343,5847,start
2340,5847,start
2347,5847,start
2337,5847,start
2338,5847,start
2345,5847,start
2342,5847,start
2344,5847,start
2341,5847,start
2346,5847,start
2350,5847,start
2354,5847,start
2348,5847,start
2351,5847,start
2349,5847,start
2355,5847,start
2352,5847,start
2358,5847,start
2353,5847,start
2363,5847,start
2357,5847,start
2362,5847,start
2360,5847,start
2359,5847,start
2356,5847,start
2361,5847,start
2366,5847,start
2364,5847,start
2367,5847,start
2365,5847,start
2208,5847,end
2209,5847,end
2215,5847,end
2210,5847,end
2211,5847,end
2217,5847,end
2216,5847,end
2218,5847,end
2219,5847,end
2225,5847,end
2220,5847,end
2214,5847,end
2212,5847,end
2222,5847,end
2223,5847,end
2221,5847,end
2224,5847,end
2226,5847,end
2227,5847,end
2229,5847,end
2236,5847,end
2230,5847,end
2228,5847,end
2213,5847,end
2235,5847,end
2237,5847,end
2231,5847,end
2234,5847,end
2232,5847,end
2239,5847,end
2233,5847,end
2238,5847,end
2372,5847,start
2368,5847,start
2369,5847,start
2376,5847,start
2373,5847,start
2371,5847,start
2377,5847,start
2375,5847,start
2370,5847,start
2383,5847,start
2374,5847,start
2379,5847,start
2380,5847,start
2378,5847,start
2382,5847,start
2381,5847,start
2384,5847,start
2387,5847,start
2392,5847,start
2386,5847,start
2385,5847,start
2391,5847,start
2388,5847,start
2394,5847,start
2393,5847,start
2396,5847,start
2395,5847,start
2389,5847,start
2397,5847,start
2398,5847,start
2399,5847,start
2390,5847,start
2240,5848,end
2241,5848,end
2243,5848,end
2244,5848,end
2242,5848,end
2255,5848,end
2245,5848,end
2246,5848,end
2252,5848,end
2251,5848,end
2260,5848,end
2254,5848,end
2249,5848,end
2247,5848,end
2248,5848,end
2262,5848,end
2253,5848,end
2259,5848,end
2264,5848,end
2258,5848,end
2265,5848,end
2263,5848,end
2256,5848,end
2266,5848,end
2257,5848,end
2250,5848,end
2261,5848,end
2267,5848,end
2268,5848,end
2270,5848,end
2269,5848,end
2271,5848,end
2401,5848,start
2402,5848,start
2405,5848,start
2403,5848,start
2409,5848,start
2400,5848,start
2406,5848,start
2408,5848,start
2411,5848,start
2404,5848,start
2407,5848,start
2410,5848,start
2423,5848,start
2412,5848,start
2416,5848,start
2415,5848,start
2413,5848,start
2414,5848,start
2417,5848,start
2419,5848,start
2422,5848,start
2420,5848,start
2425,5848,start
2424,5848,start
2430,5848,start
2431,5848,start
2421,5848,start
2418,5848,start
2428,5848,start
2427,5848,start
2429,5848,start
2426,5848,start
2274,5848,end
2273,5848,end
2272,5848,end
2286,5848,end
2277,5848,end
2275,5848,end
2290,5848,end
2281,5848,end
2279,5848,end
2284,5848,end
2287,5848,end
2276,5848,end
2278,5848,end
2285,5848,end
2283,5848,end
2280,5848,end
2282,5848,end
2289,5848,end
2291,5848,end
2292,5848,end
2298,5848,end
2297,5848,end
2299,5848,end
2296,5848,end
2294,5848,end
2293,5848,end
2295,5848,end
2288,5848,end
2302,5848,end
2300,5848,end
2303,5848,end
2301,5848,end
2435,5848,start
2433,5848,start
2432,5848,start
2434,5848,start
2439,5848,start
2437,5848,start
2443,5848,start
2438,5848,start
2440,5848,start
2441,5848,start
2442,5848,start
2436,5848,start
2453,5848,start
2444,5848,start
2446,5848,start
2455,5848,start
2450,5848,start
2448,5848,start
2445,5848,start
2447,5848,start
2454,5848,start
2452,5848,start
2449,5848,start
2463,5848,start
2457,5848,start
2456,5848,start
2458,5848,start
2451,5848,start
2459,5848,start
2461,5848,start
2460,5848,start
2462,5848,start
2306,5848,end
2304,5848,end
2310,5848,end
2308,5848,end
2307,5848,end
2305,5848,end
2318,5848,end
2312,5848,end
2322,5848,end
2309,5848,end
2311,5848,end
2324,5848,end
2326,5848,end
2313,5848,end
2315,5848,end
2316,5848,end
2314,5848,end
2321,5848,end
2323,5848,end
2320,5848,end
2330,5848,end
2317,5848,end
2319,5848,end
2332,5848,end
2334,5848,end
2325,5848,end
2331,5848,end
2328,5848,end
2327,5848,end
2333,5848,end
2335,5848,end
2329,5848,end
2467,5848,start
2466,5848,start
2464,5848,start
2471,5848,start
2470,5848,start
2468,5848,start
2465,5848,start
2472,5848,start
2473,5848,start
2475,5848,start
2474,5848,start
2469,5848,start
2476,5848,start
2485,5848,start
2487,5848,start
2490,5848,start
2477,5848,start
2480,5848,start
2484,5848,start
2481,5848,start
2478,5848,start
2488,5848,start
2482,5848,start
2479,5848,start
2486,5848,start
2483,5848,start
2489,5848,start
2495,5848,start
2494,5848,start
2493,5848,start
2491,5848,start
2492,5848,start
2336,5848,end
2338,5848,end
2352,5848,end
2339,5848,end
2343,5848,end
2337,5848,end
2340,5848,end
2342,5848,end
2345,5848,end
2351,5848,end
2344,5848,end
2350,5848,end
2341,5848,end
2347,5848,end
2348,5848,end
2346,5848,end
2364,5848,end
2355,5848,end
2353,5848,end
2358,5848,end
2360,5848,end
2363,5848,end
2349,5848,end
2354,5848,end
2357,5848,end
2359,5848,end
2361,5848,end
2362,5848,end
2365,5848,end
2356,5848,end
2367,5848,end
2366,5848,end
2499,5848,start
2496,5848,start
2498,5848,start
2503,5848,start
2497,5848,start
2507,5848,start
2502,5848,start
2504,5848,start
2501,5848,start
2506,5848,start
2500,5848,start
2505,5848,start
2517,5848,start
2522,5848,start
2510,5848,start
2508,5848,start
2519,5848,start
2509,5848,start
2512,5848,start
2513,5848,start
2516,5848,start
2511,5848,start
2527,5848,start
2514,5848,start
2515,5848,start
2518,5848,start
2520,5848,start
2525,5848,start
2523,5848,start
2521,5848,start
2526,5848,start
2524,5848,start
2374,5849,end
2368,5849,end
2370,5849,end
2383,5849,end
2372,5849,end
2369,5849,end
2378,5849,end
2376,5849,end
2375,5849,end
2373,5849,end
2382,5849,end
2380,5849,end
2371,5849,end
2381,5849,end
2390,5849,end
2384,5849,end
2379,5849,end
2377,5849,end
2394,5849,end
2388,5849,end
2387,5849,end
2389,5849,end
2386,5849,end
2392,5849,end
2391,5849,end
2385,5849,end
2398,5849,end
2397,5849,end
2395,5849,end
2396,5849,end
2399,5849,end
2393,5849,end
2529,5849,start
2530,5849,start
2533,5849,start
2531,5849,start
2537,5849,start
2528,5849,start
2534,5849,start
2536,5849,start
2539,5849,start
2532,5849,start
2535,5849,start
2538,5849,start
2551,5849,start
2540,5849,start
2544,5849,start
2543,5849,start
2541,5849,start
2542,5849,start
2545,5849,start
2547,5849,start
2550,5849,start
2548,5849,start
2553,5849,start
2552,5849,start
2558,5849,start
2559,5849,start
2549,5849,start
2546,5849,start
2556,5849,start
2555,5849,start
2557,5849,start
2554,5849,start
2415,5849,end
2409,5849,end
2400,5849,end
2402,5849,end
2407,5849,end
2406,5849,end
2403,5849,end
2401,5849,end
2408,5849,end
2405,5849,end
2411,5849,end
2410,5849,end
2404,5849,end
2414,5849,end
2423,5849,end
2413,5849,end
2412,5849,end
2418,5849,end
2427,5849,end
2417,5849,end
2416,5849,end
2422,5849,end
2419,5849,end
2421,5849,end
2420,5849,end
2425,5849,end
2428,5849,end
2426,5849,end
2431,5849,end
2430,5849,end
2424,5849,end
2429,5849,end
2564,5849,start
2560,5849,start
2561,5849,start
2568,5849,start
2565,5849,start
2569,5849,start
2563,5849,start
2566,5849,start
2562,5849,start
2571,5849,start
2570,5849,start
2567,5849,start
2572,5849,start
2574,5849,start
2584,5849,start
2586,5849,start
2585,5849,start
2587,5849,start
2577,5849,start
2578,5849,start
2576,5849,start
2575,5849,start
2573,5849,start
2580,5849,start
2579,5849,start
2581,5849,start
2590,5849,start
2588,5849,start
2583,5849,start
2589,5849,start
2582,5849,start
2591,5849,start
2435,5849,end
2433,5849,end
2434,5849,end
2443,5849,end
2445,5849,end
2436,5849,end
2438,5849,end
2432,5849,end
2437,5849,end
2439,5849,end
2449,5849,end
2444,5849,end
2442,5849,end
2451,5849,end
2453,5849,end
2447,5849,end
2454,5849,end
2440,5849,end
2441,5849,end
2463,5849,end
2450,5849,end
2448,5849,end
2457,5849,end
2455,5849,end
2446,5849,end
2452,5849,end
2461,5849,end
2459,5849,end
2458,5849,end
2456,5849,end
2462,5849,end
2460,5849,end
2592,5849,start
2594,5849,start
2596,5849,start
2593,5849,start
2595,5849,start
2601,5849,start
2602,5849,start
2598,5849,start
2600,5849,start
2597,5849,start
2599,5849,start
2610,5849,start
2603,5849,start
2614,5849,start
2604,5849,start
2607,5849,start
2609,5849,start
2606,5849,start
2608,5849,start
2611,5849,start
2605,5849,start
2618,5849,start
2616,5849,start
2615,5849,start
2613,5849,start
2612,5849,start
2619,5849,start
2622,5849,start
2617,5849,start
2620,5849,start
2621,5849,start
2623,5849,start
2465,5849,end
2474,5849,end
2467,5849,end
2473,5849,end
2464,5849,end
2470,5849,end
2475,5849,end
2481,5849,end
2468,5849,end
2466,5849,end
2479,5849,end
2477,5849,end
2476,5849,end
2478,5849,end
2483,5849,end
2469,5849,end
2472,5849,end
2482,5849,end
2484,5849,end
2489,5849,end
2487,5849,end
2486,5849,end
2471,5849,end
2485,5849,end
2480,5849,end
2494,5849,end
2491,5849,end
2490,5849,end
2492,5849,end
2493,5849,end
2495,5849,end
2488,5849,end
2626,5849,start
2627,5849,start
2630,5849,start
2635,5849,start
2628,5849,start
2631,5849,start
2625,5849,start
2634,5849,start
2624,5849,start
2646,5849,start
2629,5849,start
2632,5849,start
2633,5849,start
2638,5849,start
2636,5849,start
2639,5849,start
2637,5849,start
2643,5849,start
2648,5849,start
2649,5849,start
2647,5849,start
2640,5849,start
2654,5849,start
2642,5849,start
2641,5849,start
2651,5849,start
2645,5849,start
2650,5849,start
2655,5849,start
2652,5849,start
2644,5849,start
2653,5849,start
2497,5850,end
2499,5850,end
2498,5850,end
2501,5850,end
2496,5850,end
2505,5850,end
2503,5850,end
2502,5850,end
2500,5850,end
2509,5850,end
2511,5850,end
2506,5850,end
2504,5850,end
2510,5850,end
2515,5850,end
2517,5850,end
2507,5850,end
2518,5850,end
2512,5850,end
2513,5850,end
2519,5850,end
2522,5850,end
2508,5850,end
2521,5850,end
2523,5850,end
2525,5850,end
2516,5850,end
2514,5850,end
2527,5850,end
2526,5850,end
2520,5850,end
2524,5850,end
2660,5850,start
2656,5850,start
2657,5850,start
2664,5850,start
2661,5850,start
2665,5850,start
2659,5850,start
2662,5850,start
2658,5850,start
2667,5850,start
2666,5850,start
2663,5850,start
2668,5850,start
2670,5850,start
2680,5850,start
2682,5850,start
2681,5850,start
2683,5850,start
2673,5850,start
2674,5850,start
2672,5850,start
2671,5850,start
2669,5850,start
2676,5850,start
2675,5850,start
2677,5850,start
2686,5850,start
2684,5850,start
2679,5850,start
2685,5850,start
2678,5850,start
2687,5850,start
2531,5850,end
2528,5850,end
2530,5850,end
2529,5850,end
2539,5850,end
2533,5850,end
2532,5850,end
2536,5850,end
2541,5850,end
2535,5850,end
2538,5850,end
2544,5850,end
2534,5850,end
2543,5850,end
2537,5850,end
2540,5850,end
2542,5850,end
2551,5850,end
2545,5850,end
2556,5850,end
2550,5850,end
2555,5850,end
2549,5850,end
2552,5850,end
2558,5850,end
2547,5850,end
2557,5850,end
2548,5850,end
2546,5850,end
2559,5850,end
2554,5850,end
2553,5850,end
2688,5850,start
2690,5850,start
2692,5850,start
2689,5850,start
2691,5850,start
2697,5850,start
2698,5850,start
2694,5850,start
2696,5850,start
2693,5850,start
2695,5850,start
2706,5850,start
2699,5850,start
2710,5850,start
2700,5850,start
2703,5850,start
2701,5850,start
2702,5850,start
2704,5850,start
2707,5850,start
2705,5850,start
2714,5850,start
2709,5850,start
2711,5850,start
2712,5850,start
2708,5850,start
2715,5850,start
2713,5850,start
2718,5850,start
2716,5850,start
2717,5850,start
2719,5850,start
2562,5851,end
2567,5851,end
2561,5851,end
2560,5851,end
2566,5851,end
2565,5851,end
2563,5851,end
2564,5851,end
2574,5851,end
2569,5851,end
2571,5851,end
2568,5851,end
2570,5851,end
2577,5851,end
2575,5851,end
2576,5851,end
2578,5851,end
2573,5851,end
2579,5851,end
2572,5851,end
2582,5851,end
2581,5851,end
2583,5851,end
2580,5851,end
2586,5851,end
2585,5851,end
2587,5851,end
2584,5851,end
2590,5851,end
2589,5851,end
2591,5851,end
2588,5851,end
2723,5851,start
2722,5851,start
2720,5851,start
2727,5851,start
2726,5851,start
2724,5851,start
2721,5851,start
2728,5851,start
2729,5851,start
2731,5851,start
2730,5851,start
2725,5851,start
2732,5851,start
2741,5851,start
2743,5851,start
2746,5851,start
2733,5851,start
2736,5851,start
2740,5851,start
2737,5851,start
2734,5851,start
2744,5851,start
2738,5851,start
2735,5851,start
2742,5851,start
2739,5851,start
2745,5851,start
2751,5851,start
2750,5851,start
2749,5851,start
2747,5851,start
2748,5851,start
2592,5851,end
2593,5851,end
2606,5851,end
2596,5851,end
2595,5851,end
2601,5851,end
2599,5851,end
2604,5851,end
2594,5851,end
2612,5851,end
2598,5851,end
2597,5851,end
2603,5851,end
2600,5851,end
2602,5851,end
2605,5851,end
2619,5851,end
2616,5851,end
2610,5851,end
2621,5851,end
2607,5851,end
2608,5851,end
2622,5851,end
2613,5851,end
2611,5851,end
2609,5851,end
2614,5851,end
2617,5851,end
2615,5851,end
2620,5851,end
2618,5851,end
2623,5851,end
2755,5851,start
2754,5851,start
2752,5851,start
2759,5851,start
2758,5851,start
2756,5851,start
2753,5851,start
2760,5851,start
2761,5851,start
2763,5851,start
2762,5851,start
2757,5851,start
2764,5851,start
2773,5851,start
2775,5851,start
2778,5851,start
2765,5851,start
2768,5851,start
2772,5851,start
2769,5851,start
2766,5851,start
2776,5851,start
2770,5851,start
2767,5851,start
2774,5851,start
2771,5851,start
2777,5851,start
2783,5851,start
2782,5851,start
2781,5851,start
2779,5851,start
2780,5851,start
2626,5851,end
2624,5851,end
2630,5851,end
2628,5851,end
2627,5851,end
2625,5851,end
2638,5851,end
2636,5851,end
2635,5851,end
2629,5851,end
2650,5851,end
2632,5851,end
2631,5851,end
2637,5851,end
2634,5851,end
2640,5851,end
2643,5851,end
2633,5851,end
2642,5851,end
2644,5851,end
2639,5851,end
2641,5851,end
2646,5851,end
2648,5851,end
2647,5851,end
2649,5851,end
2654,5851,end
2653,5851,end
2651,5851,end
2652,5851,end
2645,5851,end
2655,5851,end
2787,5851,start
2784,5851,start
2786,5851,start
2791,5851,start
2785,5851,start
2795,5851,start
2790,5851,start
2792,5851,start
2789,5851,start
2794,5851,start
2788,5851,start
2793,5851,start
2805,5851,start
2810,5851,start
2798,5851,start
2796,5851,start
2807,5851,start
2797,5851,start
2800,5851,start
2801,5851,start
2804,5851,start
2799,5851,start
2815,5851,start
2802,5851,start
2803,5851,start
2806,5851,start
2808,5851,start
2813,5851,start
2811,5851,start
2809,5851,start
2814,5851,start
2812,5851,start
2658,5851,end
2656,5851,end
2657,5851,end
2662,5851,end
2659,5851,end
2660,5851,end
2661,5851,end
2674,5851,end
2672,5851,end
2663,5851,end
2665,5851,end
2666,5851,end
2664,5851,end
2671,5851,end
2668,5851,end
2670,5851,end
2669,5851,end
2667,5851,end
2684,5851,end
2678,5851,end
2673,5851,end
2682,5851,end
2680,5851,end
2679,5851,end
2677,5851,end
2686,5851,end
2676,5851,end
2687,5851,end
2681,5851,end
2675,5851,end
2685,5851,end
2683,5851,end
2817,5851,start
2821,5851,start
2825,5851,start
2818,5851,start
2819,5851,start
2816,5851,start
2822,5851,start
2823,5851,start
2820,5851,start
2826,5851,start
2827,5851,start
2824,5851,start
2831,5851,start
2830,5851,start
2836,5851,start
2829,5851,start
2835,5851,start
2833,5851,start
2840,5851,start
2828,5851,start
2834,5851,start
2841,5851,start
2832,5851,start
2838,5851,start
2839,5851,start
2837,5851,start
2842,5851,start
2844,5851,start
2845,5851,start
2843,5851,start
2846,5851,start
2847,5851,start
2688,5851,end
2704,5851,end
2691,5851,end
2701,5851,end
2698,5851,end
2692,5851,end
2695,5851,end
2689,5851,end
2690,5851,end
2693,5851,end
2694,5851,end
2700,5851,end
2699,5851,end
2697,5851,end
2702,5851,end
2696,5851,end
2703,5851,end
2709,5851,end
2706,5851,end
2708,5851,end
2707,5851,end
2705,5851,end
2710,5851,end
2712,5851,end
2714,5851,end
2717,5851,end
2715,5851,end
2713,5851,end
2718,5851,end
2716,5851,end
2711,5851,end
2719,5851,end
2849,5851,start
2853,5851,start
2850,5851,start
2848,5851,start
2857,5851,start
2855,5851,start
2851,5851,start
2854,5851,start
2852,5851,start
2863,5851,start
2856,5851,start
2858,5851,start
2862,5851,start
2865,5851,start
2868,5851,start
2875,5851,start
2861,5851,start
2859,5851,start
2873,5851,start
2866,5851,start
2867,5851,start
2869,5851,start
2860,5851,start
2870,5851,start
2872,5851,start
2874,5851,start
2871,5851,start
2877,5851,start
2864,5851,start
2876,5851,start
2878,5851,start
2879,5851,start
2721,5852,end
2723,5852,end
2727,5852,end
2720,5852,end
2729,5852,end
2731,5852,end
2722,5852,end
2724,5852,end
2725,5852,end
2739,5852,end
2730,5852,end
2728,5852,end
2733,5852,end
2735,5852,end
2734,5852,end
2732,5852,end
2737,5852,end
2743,5852,end
2738,5852,end
2740,5852,end
2741,5852,end
2747,5852,end
2726,5852,end
2736,5852,end
2742,5852,end
2751,5852,end
2749,5852,end
2744,5852,end
2746,5852,end
2748,5852,end
2745,5852,end
2750,5852,end
2884,5852,start
2880,5852,start
2881,5852,start
2888,5852,start
2885,5852,start
2889,5852,start
2883,5852,start
2886,5852,start
2882,5852,start
2891,5852,start
2890,5852,start
2887,5852,start
2892,5852,start
2894,5852,start
2904,5852,start
2906,5852,start
2905,5852,start
2907,5852,start
2897,5852,start
2898,5852,start
2896,5852,start
2895,5852,start
2893,5852,start
2900,5852,start
2899,5852,start
2901,5852,start
2910,5852,start
2908,5852,start
2903,5852,start
2909,5852,start
2902,5852,start
2911,5852,start
2755,5852,end
2763,5852,end
2754,5852,end
2753,5852,end
2759,5852,end
2757,5852,end
2764,5852,end
2758,5852,end
2771,5852,end
2761,5852,end
2772,5852,end
2766,5852,end
2775,5852,end
2765,5852,end
2767,5852,end
2762,5852,end
2752,5852,end
2770,5852,end
2779,5852,end
2773,5852,end
2756,5852,end
2778,5852,end
2760,5852,end
2769,5852,end
2768,5852,end
2774,5852,end
2776,5852,end
2777,5852,end
2783,5852,end
2782,5852,end
2780,5852,end
2781,5852,end
2916,5852,start
2912,5852,start
2913,5852,start
2920,5852,start
2917,5852,start
2915,5852,start
2921,5852,start
2919,5852,start
2914,5852,start
2927,5852,start
2918,5852,start
2923,5852,start
2924,5852,start
2922,5852,start
2926,5852,start
2925,5852,start
2928,5852,start
2931,5852,start
2936,5852,start
2930,5852,start
2929,5852,start
2935,5852,start
2932,5852,start
2938,5852,start
2937,5852,start
2940,5852,start
2939,5852,start
2933,5852,start
2941,5852,start
2942,5852,start
2943,5852,start
2934,5852,start
2799,5852,end
2785,5852,end
2787,5852,end
2801,5852,end
2788,5852,end
2786,5852,end
2791,5852,end
2789,5852,end
2784,5852,end
2798,5852,end
2795,5852,end
2793,5852,end
2792,5852,end
2797,5852,end
2803,5852,end
2790,5852,end
2796,5852,end
2805,5852,end
2811,5852,end
2794,5852,end
2807,5852,end
2809,5852,end
2800,5852,end
2806,5852,end
2804,5852,end
2813,5852,end
2812,5852,end
2802,5852,end
2815,5852,end
2810,5852,end
2808,5852,end
2814,5852,end
2948,5852,start
2944,5852,start
2945,5852,start
2952,5852,start
2949,5852,start
2947,5852,start
2953,5852,start
2951,5852,start
2946,5852,start
2959,5852,start
2950,5852,start
2955,5852,start
2956,5852,start
2954,5852,start
2958,5852,start
2957,5852,start
2960,5852,start
2963,5852,start
2968,5852,start
2962,5852,start
2961,5852,start
2967,5852,start
2964,5852,start
2970,5852,start
2969,5852,start
2972,5852,start
2971,5852,start
2965,5852,start
2973,5852,start
2974,5852,start
2975,5852,start
2966,5852,start
2819,5852,end
2816,5852,end
2831,5852,end
2817,5852,end
2832,5852,end
2818,5852,end
2820,5852,end
2825,5852,end
2827,5852,end
2822,5852,end
2823,5852,end
2833,5852,end
2828,5852,end
2826,5852,end
2843,5852,end
2829,5852,end
2824,5852,end
2830,5852,end
2835,5852,end
2821,5852,end
2836,5852,end
2834,5852,end
2847,5852,end
2845,5852,end
2840,5852,end
2838,5852,end
2839,5852,end
2841,5852,end
2837,5852,end
2842,5852,end
2844,5852,end
2846,5852,end
2980,5852,start
2976,5852,start
2977,5852,start
2984,5852,start
2981,5852,start
2985,5852,start
2979,5852,start
2982,5852,start
2978,5852,start
2987,5852,start
2986,5852,start
2983,5852,start
2988,5852,start
2990,5852,start
3000,5852,start
3002,5852,start
3001,5852,start
3003,5852,start
2993,5852,start
2994,5852,start
2992,5852,start
2991,5852,start
2989,5852,start
2996,5852,start
2995,5852,start
2997,5852,start
3006,5852,start
3004,5852,start
2999,5852,start
3005,5852,start
2998,5852,start
3007,5852,start
2850,5853,end
2851,5853,end
2849,5853,end
2848,5853,end
2853,5853,end
2855,5853,end
2856,5853,end
2861,5853,end
2859,5853,end
2857,5853,end
2867,5853,end
2858,5853,end
2852,5853,end
2863,5853,end
2865,5853,end
2860,5853,end
2862,5853,end
2864,5853,end
2869,5853,end
2875,5853,end
2854,5853,end
2868,5853,end
2877,5853,end
2871,5853,end
2866,5853,end
2876,5853,end
2873,5853,end
2879,5853,end
2870,5853,end
2874,5853,end
2872,5853,end
2878,5853,end
3010,5853,start
3008,5853,start
3014,5853,start
3011,5853,start
3012,5853,start
3018,5853,start
3009,5853,start
3015,5853,start
3016,5853,start
3013,5853,start
3017,5853,start
3019,5853,start
3021,5853,start
3020,5853,start
3022,5853,start
3024,5853,start
3023,5853,start
3029,5853,start
3031,5853,start
3025,5853,start
3026,5853,start
3032,5853,start
3039,5853,start
3037,5853,start
3034,5853,start
3028,5853,start
3030,5853,start
3033,5853,start
3038,5853,start
3036,5853,start
3027,5853,start
3035,5853,start
2882,5853,end
2880,5853,end
2884,5853,end
2883,5853,end
2892,5853,end
2887,5853,end
2894,5853,end
2900,5853,end
2891,5853,end
2881,5853,end
2886,5853,end
2896,5853,end
2903,5853,end
2890,5853,end
2888,5853,end
2895,5853,end
2885,5853,end
2898,5853,end
2889,5853,end
2899,5853,end
2908,5853,end
2902,5853,end
2893,5853,end
2910,5853,end
2897,5853,end
2906,5853,end
2911,5853,end
2905,5853,end
2904,5853,end
2907,5853,end
2909,5853,end
2901,5853,end
3043,5853,start
3042,5853,start
3040,5853,start
3047,5853,start
3046,5853,start
3044,5853,start
3041,5853,start
3048,5853,start
3049,5853,start
3051,5853,start
3050,5853,start
3045,5853,start
3052,5853,start
3061,5853,start
3063,5853,start
3066,5853,start
3053,5853,start
3056,5853,start
3060,5853,start
3057,5853,start
3054,5853,start
3064,5853,start
3058,5853,start
3055,5853,start
3062,5853,start
3059,5853,start
3065,5853,start
3071,5853,start
3070,5853,start
3069,5853,start
3067,5853,start
3068,5853,start
2913,5853,end
2912,5853,end
2915,5853,end
2925,5853,end
2920,5853,end
2918,5853,end
2916,5853,end
2919,5853,end
2926,5853,end
2924,5853,end
2923,5853,end
2914,5853,end
2928,5853,end
2934,5853,end
2917,5853,end
2927,5853,end
2932,5853,end
2931,5853,end
2936,5853,end
2922,5853,end
2921,5853,end
2935,5853,end
2933,5853,end
2930,5853,end
2929,5853,end
2943,5853,end
2940,5853,end
2938,5853,end
2941,5853,end
2937,5853,end
2942,5853,end
2939,5853,end
3072,5853,start
3073,5853,start
3075,5853,start
3076,5853,start
3074,5853,start
3078,5853,start
3080,5853,start
3077,5853,start
3079,5853,start
3081,5853,start
3092,5853,start
3082,5853,start
3083,5853,start
3085,5853,start
3087,5853,start
3089,5853,start
3091,5853,start
3086,5853,start
3088,5853,start
3090,5853,start
3095,5853,start
3084,5853,start
3094,5853,start
3100,5853,start
3093,5853,start
3103,5853,start
3097,5853,start
3096,5853,start
3102,5853,start
3098,5853,start
3101,5853,start
3099,5853,start
2946,5853,end
2944,5853,end
2947,5853,end
2945,5853,end
2962,5853,end
2956,5853,end
2955,5853,end
2952,5853,end
2950,5853,end
2953,5853,end
2951,5853,end
2948,5853,end
2954,5853,end
2949,5853,end
2959,5853,end
2957,5853,end
2958,5853,end
2960,5853,end
2963,5853,end
2961,5853,end
2967,5853,end
2972,5853,end
2971,5853,end
2965,5853,end
2970,5853,end
2973,5853,end
2966,5853,end
2968,5853,end
2975,5853,end
2969,5853,end
2974,5853,end
2964,5853,end
2976,5854,end
2981,5854,end
2978,5854,end
2988,5854,end
2979,5854,end
2977,5854,end
2982,5854,end
2980,5854,end
2983,5854,end
2985,5854,end
2986,5854,end
2984,5854,end
2987,5854,end
2989,5854,end
2990,5854,end
2997,5854,end
2991,5854,end
2992,5854,end
2994,5854,end
2993,5854,end
2995,5854,end
2996,5854,end
2998,5854,end
3001,5854,end
3003,5854,end
3000,5854,end
3002,5854,end
3005,5854,end
2999,5854,end
3004,5854,end
3006,5854,end
3007,5854,end
3009,5854,end
3011,5854,end
3008,5854,end
3010,5854,end
3014,5854,end
3013,5854,end
3015,5854,end
3012,5854,end
3019,5854,end
3021,5854,end
3018,5854,end
3020,5854,end
3023,5854,end
3016,5854,end
3022,5854,end
3017,5854,end
3027,5854,end
3024,5854,end
3030,5854,end
3025,5854,end
3026,5854,end
3033,5854,end
3031,5854,end
3028,5854,end
3034,5854,end
3032,5854,end
3035,5854,end
3037,5854,end
3038,5854,end
3036,5854,end
3029,5854,end
3039,5854,end
3040,5855,end
3042,5855,end
3043,5855,end
3041,5855,end
3054,5855,end
3044,5855,end
3045,5855,end
3047,5855,end
3049,5855,end
3048,5855,end
3066,5855,end
3051,5855,end
3050,5855,end
3052,5855,end
3053,5855,end
3055,5855,end
3065,5855,end
3056,5855,end
3046,5855,end
3059,5855,end
3061,5855,end
3063,5855,end
3070,5855,end
3060,5855,end
3057,5855,end
3067,5855,end
3058,5855,end
3064,5855,end
3069,5855,end
3068,5855,end
3062,5855,end
3071,5855,end
3075,5855,end
3080,5855,end
3079,5855,end
3077,5855,end
3084,5855,end
3087,5855,end
3081,5855,end
3072,5855,end
3074,5855,end
3083,5855,end
3085,5855,end
3076,5855,end
3082,5855,end
3095,5855,end
3073,5855,end
3088,5855,end
3093,5855,end
3091,5855,end
3086,5855,end
3096,5855,end
3101,5855,end
3099,5855,end
3078,5855,end
3092,5855,end
3089,5855,end
3103,5855,end
3094,5855,end
3097,5855,end
3090,5855,end
3100,5855,end
3098,5855,end
3102,5855,end
